hh_id,country,hh_size
HH2000109,Belgium,2
HH2000110,Belgium,2
HH2000111,Belgium,2
HH2000209,Belgium,3
HH2000210,Belgium,3
HH2000211,Belgium,3
HH2000309,Belgium,1
HH2000310,Belgium,1
HH2000311,Belgium,1
HH2000409,Belgium,2
HH2000410,Belgium,2
HH2000411,Belgium,2
HH2000509,Belgium,2
HH2000510,Belgium,2
HH2000511,Belgium,2
HH2000609,Belgium,2
HH2000611,Belgium,2
HH2000709,Belgium,2
HH2000710,Belgium,2
HH2000809,Belgium,2
HH2000810,Belgium,2
HH2000909,Belgium,1
HH2000910,Belgium,1
HH2001009,Belgium,2
HH2001010,Belgium,2
HH2001011,Belgium,2
HH2001109,Belgium,1
HH2001110,Belgium,1
HH2001111,Belgium,1
HH2001209,Belgium,2
HH2001210,Belgium,2
HH2001211,Belgium,2
HH2001309,Belgium,3
HH2001310,Belgium,3
HH2001311,Belgium,3
HH2001409,Belgium,2
HH2001509,Belgium,2
HH2001609,Belgium,1
HH2001610,Belgium,1
HH2001611,Belgium,1
HH2001709,Belgium,2
HH2001710,Belgium,2
HH2001711,Belgium,2
HH2001809,Belgium,2
HH2001810,Belgium,2
HH2001811,Belgium,2
HH2002009,Belgium,2
HH2002609,Belgium,3
HH2002610,Belgium,3
HH2002611,Belgium,3
HH2002809,Belgium,1
HH2002810,Belgium,1
HH2002909,Belgium,1
HH2002910,Belgium,1
HH2002911,Belgium,1
HH2003009,Belgium,2
HH2003010,Belgium,2
HH2003011,Belgium,2
HH2003109,Belgium,2
HH2003110,Belgium,2
HH2003111,Belgium,2
HH2003209,Belgium,1
HH2003210,Belgium,1
HH2003211,Belgium,1
HH2003309,Belgium,3
HH2003409,Belgium,1
HH2003410,Belgium,1
HH2003411,Belgium,1
HH2003509,Belgium,2
HH2003510,Belgium,2
HH2003511,Belgium,2
HH2003609,Belgium,2
HH2003610,Belgium,2
HH2003709,Belgium,3
HH2003710,Belgium,3
HH2003711,Belgium,3
HH2003809,Belgium,1
HH2003810,Belgium,1
HH2003811,Belgium,1
HH2003909,Belgium,2
HH2003910,Belgium,2
HH2003911,Belgium,2
HH2004009,Belgium,2
HH2004010,Belgium,2
HH2004011,Belgium,2
HH2004109,Belgium,2
HH2004110,Belgium,2
HH2004111,Belgium,2
HH2004209,Belgium,1
HH2004210,Belgium,1
HH2004309,Belgium,1
HH2004310,Belgium,1
HH2004409,Belgium,3
HH2004509,Belgium,1
HH2004510,Belgium,1
HH2004511,Belgium,1
HH2004609,Belgium,4
HH2004610,Belgium,4
HH2004611,Belgium,4
HH2004709,Belgium,1
HH2004710,Belgium,1
HH2004711,Belgium,1
HH2004809,Belgium,1
HH2004810,Belgium,1
HH2004909,Belgium,2
HH2004910,Belgium,2
HH2004911,Belgium,2
HH2005009,Belgium,1
HH2005010,Belgium,1
HH2005011,Belgium,1
HH2005109,Belgium,1
HH2005309,Belgium,2
HH2005310,Belgium,2
HH2005311,Belgium,2
HH2005409,Belgium,1
HH2005410,Belgium,1
HH2005411,Belgium,1
HH2005509,Belgium,2
HH2005510,Belgium,2
HH2005511,Belgium,2
HH2005609,Belgium,1
HH2005610,Belgium,1
HH2005611,Belgium,1
HH2005809,Belgium,1
HH2005810,Belgium,1
HH2005811,Belgium,1
HH2005909,Belgium,2
HH2005910,Belgium,2
HH2006009,Belgium,2
HH2006010,Belgium,2
HH2006011,Belgium,2
HH2006109,Belgium,2
HH2006309,Belgium,2
HH2006409,Belgium,2
HH2006410,Belgium,2
HH2006411,Belgium,2
HH2006509,Belgium,2
HH2006510,Belgium,2
HH2006511,Belgium,2
HH2006609,Belgium,2
HH2006610,Belgium,2
HH2006611,Belgium,2
HH2006809,Belgium,2
HH2006909,Belgium,2
HH2006910,Belgium,2
HH2006911,Belgium,2
HH2007009,Belgium,4
HH2007010,Belgium,4
HH2007011,Belgium,4
HH2007109,Belgium,2
HH2007110,Belgium,2
HH2007309,Belgium,2
HH2007310,Belgium,2
HH2007311,Belgium,2
HH2007409,Belgium,2
HH2007410,Belgium,2
HH2007411,Belgium,2
HH2007609,Belgium,2
HH2007610,Belgium,2
HH2007611,Belgium,2
HH2007709,Belgium,2
HH2007710,Belgium,2
HH2007711,Belgium,2
HH2007909,Belgium,2
HH2007910,Belgium,2
HH2007911,Belgium,2
HH2008009,Belgium,1
HH2008010,Belgium,1
HH2008011,Belgium,1
HH2008109,Belgium,1
HH2008110,Belgium,1
HH2008111,Belgium,1
HH2008209,Belgium,1
HH2008210,Belgium,1
HH2008211,Belgium,1
HH2008309,Belgium,1
HH2008310,Belgium,1
HH2008311,Belgium,1
HH2008509,Belgium,2
HH2008510,Belgium,2
HH2008511,Belgium,2
HH2008609,Belgium,1
HH2008709,Belgium,2
HH2008710,Belgium,2
HH2008711,Belgium,2
HH2008809,Belgium,2
HH2008810,Belgium,2
HH2008811,Belgium,2
HH2008909,Belgium,3
HH2008911,Belgium,3
HH2009009,Belgium,3
HH2009010,Belgium,3
HH2009011,Belgium,3
HH2009109,Belgium,2
HH2009110,Belgium,2
HH2009111,Belgium,2
HH2009209,Belgium,2
HH2009210,Belgium,2
HH2009211,Belgium,2
HH2009309,Belgium,1
HH2009310,Belgium,1
HH2009311,Belgium,1
HH2009409,Belgium,1
HH2009410,Belgium,1
HH2009509,Belgium,3
HH2009510,Belgium,3
HH2009511,Belgium,3
HH2009609,Belgium,2
HH2009610,Belgium,2
HH2009611,Belgium,2
HH2009709,Belgium,1
HH2009710,Belgium,1
HH2009711,Belgium,1
HH2009809,Belgium,4
HH2009810,Belgium,4
HH2009811,Belgium,4
HH2009909,Belgium,2
HH2009910,Belgium,2
HH2009911,Belgium,2
HH2010009,Belgium,3
HH2010010,Belgium,3
HH2010109,Belgium,2
HH2010111,Belgium,2
HH2010209,Belgium,2
HH2010210,Belgium,2
HH2010309,Belgium,3
HH2010310,Belgium,3
HH2010311,Belgium,3
HH2010409,Belgium,2
HH2010410,Belgium,2
HH2010411,Belgium,2
HH2010509,Belgium,2
HH2010510,Belgium,2
HH2010511,Belgium,2
HH2010609,Belgium,1
HH2010610,Belgium,1
HH2010611,Belgium,1
HH2010709,Belgium,2
HH2010710,Belgium,2
HH2010711,Belgium,2
HH2010809,Belgium,2
HH2010810,Belgium,2
HH2010811,Belgium,2
HH2010909,Belgium,2
HH2010910,Belgium,2
HH2010911,Belgium,2
HH2011009,Belgium,2
HH2011010,Belgium,2
HH2011011,Belgium,2
HH2011109,Belgium,2
HH2011110,Belgium,2
HH2011111,Belgium,2
HH2011209,Belgium,1
HH2011210,Belgium,1
HH2011211,Belgium,1
HH2011309,Belgium,2
HH2011310,Belgium,2
HH2011311,Belgium,2
HH2011409,Belgium,2
HH2011410,Belgium,2
HH2011411,Belgium,2
HH2011509,Belgium,2
HH2011510,Belgium,2
HH2011511,Belgium,2
HH2011609,Belgium,2
HH2011610,Belgium,2
HH2011611,Belgium,2
HH2011909,Belgium,4
HH2011910,Belgium,4
HH2011911,Belgium,4
HH2012009,Belgium,2
HH2012010,Belgium,2
HH2012011,Belgium,2
HH2012109,Belgium,1
HH2012110,Belgium,1
HH2012111,Belgium,1
HH2012309,Belgium,4
HH2012310,Belgium,4
HH2012311,Belgium,4
HH2012409,Belgium,2
HH2012410,Belgium,2
HH2012411,Belgium,2
HH2012509,Belgium,2
HH2012510,Belgium,2
HH2012511,Belgium,2
HH2012609,Belgium,1
HH2012610,Belgium,1
HH2012611,Belgium,1
HH2012709,Belgium,1
HH2012710,Belgium,1
HH2012711,Belgium,1
HH2012809,Belgium,1
HH2012810,Belgium,1
HH2012811,Belgium,1
HH2012909,Belgium,4
HH2012910,Belgium,4
HH2012911,Belgium,4
HH2013009,Belgium,2
HH2013010,Belgium,2
HH2013109,Belgium,2
HH2013110,Belgium,2
HH2013111,Belgium,2
HH2013209,Belgium,2
HH2013210,Belgium,2
HH2013211,Belgium,2
HH2013309,Belgium,1
HH2013310,Belgium,1
HH2013311,Belgium,1
HH2013409,Belgium,2
HH2013410,Belgium,2
HH2013411,Belgium,2
HH2013509,Belgium,4
HH2013510,Belgium,4
HH2013511,Belgium,4
HH2013609,Belgium,2
HH2013610,Belgium,2
HH2013611,Belgium,2
HH2013709,Belgium,2
HH2013710,Belgium,2
HH2013711,Belgium,2
HH2013809,Belgium,2
HH2013810,Belgium,2
HH2013811,Belgium,2
HH2013909,Belgium,2
HH2013910,Belgium,2
HH2013911,Belgium,2
HH2014009,Belgium,2
HH2014109,Belgium,1
HH2014110,Belgium,1
HH2014111,Belgium,1
HH2014209,Belgium,2
HH2014210,Belgium,2
HH2014211,Belgium,2
HH2014309,Belgium,2
HH2014310,Belgium,2
HH2014311,Belgium,2
HH2014409,Belgium,1
HH2014410,Belgium,1
HH2014411,Belgium,1
HH2014509,Belgium,1
HH2014510,Belgium,1
HH2014511,Belgium,1
HH2014709,Belgium,2
HH2014710,Belgium,2
HH2014711,Belgium,2
HH2014809,Belgium,2
HH2014810,Belgium,2
HH2014811,Belgium,2
HH2014909,Belgium,1
HH2014910,Belgium,1
HH2014911,Belgium,1
HH2015009,Belgium,2
HH2015010,Belgium,2
HH2015011,Belgium,2
HH2015109,Belgium,2
HH2015209,Belgium,1
HH2015210,Belgium,1
HH2015211,Belgium,1
HH2015409,Belgium,3
HH2015410,Belgium,3
HH2015411,Belgium,3
HH2015509,Belgium,1
HH2015510,Belgium,1
HH2015511,Belgium,1
HH2015609,Belgium,2
HH2015610,Belgium,2
HH2015611,Belgium,2
HH2015809,Belgium,2
HH2015810,Belgium,2
HH2015811,Belgium,2
HH2015909,Belgium,4
HH2015910,Belgium,4
HH2015911,Belgium,4
HH2016009,Belgium,2
HH2016010,Belgium,2
HH2016011,Belgium,2
HH2016109,Belgium,2
HH2016110,Belgium,2
HH2016111,Belgium,2
HH2016209,Belgium,1
HH2016210,Belgium,1
HH2016211,Belgium,1
HH2016309,Belgium,1
HH2016310,Belgium,1
HH2016311,Belgium,1
HH2016409,Belgium,2
HH2016410,Belgium,2
HH2016411,Belgium,2
HH2016509,Belgium,1
HH2016510,Belgium,1
HH2016511,Belgium,1
HH2016609,Belgium,2
HH2016610,Belgium,2
HH2016611,Belgium,2
HH2016809,Belgium,2
HH2016810,Belgium,2
HH2016811,Belgium,2
HH2016909,Belgium,1
HH2016910,Belgium,1
HH2016911,Belgium,1
HH2017009,Belgium,2
HH2017010,Belgium,2
HH2017109,Belgium,2
HH2017110,Belgium,2
HH2017111,Belgium,2
HH2017209,Belgium,2
HH2017210,Belgium,2
HH2017409,Belgium,2
HH2017410,Belgium,2
HH2017411,Belgium,2
HH2017509,Belgium,2
HH2017510,Belgium,2
HH2017511,Belgium,2
HH2017609,Belgium,1
HH2017610,Belgium,1
HH2017611,Belgium,1
HH2017709,Belgium,2
HH2017710,Belgium,2
HH2017809,Belgium,1
HH2017810,Belgium,1
HH2017909,Belgium,1
HH2017911,Belgium,1
HH2018009,Belgium,2
HH2018010,Belgium,2
HH2018011,Belgium,2
HH2018109,Belgium,2
HH2018110,Belgium,2
HH2018309,Belgium,1
HH2018310,Belgium,1
HH2018311,Belgium,1
HH2018409,Belgium,1
HH2018410,Belgium,1
HH2018411,Belgium,1
HH2018509,Belgium,2
HH2018510,Belgium,2
HH2018511,Belgium,2
HH2018609,Belgium,2
HH2018610,Belgium,2
HH2018611,Belgium,2
HH2018709,Belgium,3
HH2018710,Belgium,3
HH2018711,Belgium,3
HH2018809,Belgium,3
HH2018810,Belgium,3
HH2018811,Belgium,3
HH2018909,Belgium,2
HH2018910,Belgium,2
HH2018911,Belgium,2
HH2019009,Belgium,2
HH2019010,Belgium,2
HH2019011,Belgium,2
HH2019109,Belgium,2
HH2019110,Belgium,2
HH2019111,Belgium,2
HH2019309,Belgium,2
HH2019310,Belgium,2
HH2019311,Belgium,2
HH2019409,Belgium,1
HH2019410,Belgium,1
HH2019411,Belgium,1
HH2019509,Belgium,2
HH2019510,Belgium,2
HH2019511,Belgium,2
HH2019609,Belgium,2
HH2019610,Belgium,2
HH2019611,Belgium,2
HH2019709,Belgium,1
HH2019710,Belgium,1
HH2019809,Belgium,1
HH2019810,Belgium,1
HH2019811,Belgium,1
HH2019909,Belgium,1
HH2020209,Belgium,1
HH2020210,Belgium,1
HH2020211,Belgium,1
HH2020309,Belgium,2
HH2020310,Belgium,2
HH2020311,Belgium,2
HH2020409,Belgium,1
HH2020410,Belgium,1
HH2020411,Belgium,1
HH2020509,Belgium,2
HH2020510,Belgium,2
HH2020709,Belgium,2
HH2020710,Belgium,2
HH2020711,Belgium,2
HH2020809,Belgium,2
HH2020810,Belgium,2
HH2020811,Belgium,2
HH2020909,Belgium,1
HH2020910,Belgium,1
HH2020911,Belgium,1
HH2021009,Belgium,1
HH2021010,Belgium,1
HH2021011,Belgium,1
HH2021109,Belgium,2
HH2021110,Belgium,2
HH2021111,Belgium,2
HH2021209,Belgium,2
HH2021210,Belgium,2
HH2021309,Belgium,2
HH2021310,Belgium,2
HH2021311,Belgium,2
HH2021409,Belgium,1
HH2021410,Belgium,1
HH2021509,Belgium,2
HH2021510,Belgium,2
HH2021511,Belgium,2
HH2021609,Belgium,1
HH2021610,Belgium,1
HH2021611,Belgium,1
HH2021709,Belgium,1
HH2021710,Belgium,1
HH2021711,Belgium,1
HH2021809,Belgium,1
HH2021810,Belgium,1
HH2021811,Belgium,1
HH2021909,Belgium,3
HH2021910,Belgium,3
HH2021911,Belgium,3
HH2022009,Belgium,2
HH2022010,Belgium,2
HH2022011,Belgium,2
HH2022109,Belgium,2
HH2022110,Belgium,2
HH2022111,Belgium,2
HH2022209,Belgium,2
HH2022210,Belgium,2
HH2022309,Belgium,1
HH2022310,Belgium,1
HH2022509,Belgium,2
HH2022510,Belgium,2
HH2022511,Belgium,2
HH2022609,Belgium,1
HH2022610,Belgium,1
HH2022611,Belgium,1
HH2022709,Belgium,2
HH2022809,Belgium,1
HH2022909,Belgium,3
HH2022910,Belgium,3
HH2022911,Belgium,3
HH2023009,Belgium,1
HH2023010,Belgium,1
HH2023011,Belgium,1
HH2023109,Belgium,2
HH2023309,Belgium,2
HH2023310,Belgium,2
HH2023311,Belgium,2
HH2023409,Belgium,3
HH2023410,Belgium,3
HH2023411,Belgium,3
HH2023509,Belgium,3
HH2023510,Belgium,3
HH2023511,Belgium,3
HH2023609,Belgium,2
HH2023610,Belgium,2
HH2023611,Belgium,2
HH2023709,Belgium,2
HH2023710,Belgium,2
HH2023711,Belgium,2
HH2023809,Belgium,2
HH2023810,Belgium,2
HH2023811,Belgium,2
HH2023909,Belgium,2
HH2023910,Belgium,2
HH2023911,Belgium,2
HH2024009,Belgium,2
HH2024109,Belgium,1
HH2024110,Belgium,1
HH2024111,Belgium,1
HH2024209,Belgium,2
HH2024210,Belgium,2
HH2024211,Belgium,2
HH2024309,Belgium,2
HH2024310,Belgium,2
HH2024311,Belgium,2
HH2024409,Belgium,2
HH2024410,Belgium,2
HH2024411,Belgium,2
HH2024609,Belgium,2
HH2024610,Belgium,2
HH2024611,Belgium,2
HH2024709,Belgium,2
HH2024710,Belgium,2
HH2024711,Belgium,2
HH2024809,Belgium,2
HH2024810,Belgium,2
HH2024811,Belgium,2
HH2024909,Belgium,2
HH2024910,Belgium,2
HH2024911,Belgium,2
HH2025009,Belgium,1
HH2025010,Belgium,1
HH2025011,Belgium,1
HH2025109,Belgium,2
HH2025110,Belgium,2
HH2025111,Belgium,2
HH2025209,Belgium,3
HH2025210,Belgium,3
HH2025211,Belgium,3
HH2025309,Belgium,3
HH2025310,Belgium,3
HH2025311,Belgium,3
HH2025409,Belgium,2
HH2025410,Belgium,2
HH2025411,Belgium,2
HH2025509,Belgium,3
HH2025510,Belgium,3
HH2025511,Belgium,3
HH2025609,Belgium,2
HH2025610,Belgium,2
HH2025709,Belgium,2
HH2025710,Belgium,2
HH2025711,Belgium,2
HH2025809,Belgium,4
HH2025810,Belgium,4
HH2025909,Belgium,2
HH2025910,Belgium,2
HH2025911,Belgium,2
HH2026009,Belgium,4
HH2026010,Belgium,4
HH2026011,Belgium,4
HH2026309,Belgium,2
HH2026310,Belgium,2
HH2026311,Belgium,2
HH2026409,Belgium,2
HH2026410,Belgium,2
HH2026411,Belgium,2
HH2026509,Belgium,2
HH2026510,Belgium,2
HH2026511,Belgium,2
HH2026609,Belgium,2
HH2026610,Belgium,2
HH2026709,Belgium,6
HH2026710,Belgium,6
HH2026711,Belgium,6
HH2026809,Belgium,1
HH2026810,Belgium,1
HH2026811,Belgium,1
HH2026909,Belgium,3
HH2026910,Belgium,3
HH2026911,Belgium,3
HH2027009,Belgium,3
HH2027010,Belgium,3
HH2027011,Belgium,3
HH2027109,Belgium,2
HH2027110,Belgium,2
HH2027111,Belgium,5
HH2027209,Belgium,1
HH2027210,Belgium,1
HH2027309,Belgium,1
HH2027310,Belgium,1
HH2027311,Belgium,1
HH2027409,Belgium,2
HH2027410,Belgium,2
HH2027411,Belgium,2
HH2027509,Belgium,3
HH2027510,Belgium,3
HH2027511,Belgium,3
HH2027609,Belgium,2
HH2027611,Belgium,2
HH2027709,Belgium,2
HH2027710,Belgium,2
HH2027711,Belgium,2
HH2027809,Belgium,1
HH2027810,Belgium,1
HH2027811,Belgium,1
HH2028109,Belgium,2
HH2028110,Belgium,2
HH2028111,Belgium,2
HH2028209,Belgium,1
HH2028210,Belgium,1
HH2028211,Belgium,1
HH2028309,Belgium,1
HH2028310,Belgium,1
HH2028311,Belgium,1
HH2028409,Belgium,2
HH2028410,Belgium,2
HH2028509,Belgium,2
HH2028510,Belgium,2
HH2028511,Belgium,2
HH2028609,Belgium,2
HH2028610,Belgium,2
HH2028611,Belgium,2
HH2028709,Belgium,1
HH2028710,Belgium,1
HH2028711,Belgium,1
HH2028809,Belgium,1
HH2028810,Belgium,1
HH2028909,Belgium,3
HH2028910,Belgium,3
HH2029009,Belgium,1
HH2029010,Belgium,1
HH2029011,Belgium,1
HH2029109,Belgium,2
HH2029110,Belgium,2
HH2029111,Belgium,2
HH2029209,Belgium,2
HH2029210,Belgium,2
HH2029309,Belgium,1
HH2029311,Belgium,1
HH2029409,Belgium,2
HH2029410,Belgium,2
HH2029411,Belgium,2
HH2029509,Belgium,2
HH2029510,Belgium,2
HH2029511,Belgium,2
HH2029609,Belgium,2
HH2029610,Belgium,2
HH2029611,Belgium,2
HH2029709,Belgium,2
HH2029710,Belgium,2
HH2029809,Belgium,2
HH2029810,Belgium,2
HH2029811,Belgium,2
HH2029909,Belgium,3
HH2029910,Belgium,3
HH2029911,Belgium,3
HH2030009,Belgium,2
HH2030010,Belgium,2
HH2030109,Belgium,1
HH2030110,Belgium,1
HH2030111,Belgium,1
HH2030209,Belgium,4
HH2030211,Belgium,4
HH2030409,Belgium,2
HH2030410,Belgium,2
HH2030609,Belgium,3
HH2030610,Belgium,3
HH2030611,Belgium,3
HH2030709,Belgium,2
HH2030710,Belgium,2
HH2030711,Belgium,2
HH2030809,Belgium,2
HH2030810,Belgium,2
HH2030811,Belgium,2
HH2030909,Belgium,2
HH2030910,Belgium,2
HH2030911,Belgium,2
HH2031009,Belgium,2
HH2031010,Belgium,2
HH2031011,Belgium,2
HH2031109,Belgium,1
HH2031110,Belgium,1
HH2031111,Belgium,1
HH2031209,Belgium,1
HH2031210,Belgium,1
HH2031211,Belgium,1
HH2031309,Belgium,2
HH2031310,Belgium,2
HH2031311,Belgium,2
HH2031409,Belgium,2
HH2031410,Belgium,2
HH2031411,Belgium,2
HH2031509,Belgium,1
HH2031510,Belgium,1
HH2031511,Belgium,1
HH2031609,Belgium,2
HH2031610,Belgium,2
HH2031611,Belgium,2
HH2031709,Belgium,2
HH2031710,Belgium,2
HH2031711,Belgium,2
HH2031809,Belgium,2
HH2031810,Belgium,2
HH2031909,Belgium,2
HH2031910,Belgium,2
HH2031911,Belgium,2
HH2032009,Belgium,2
HH2032010,Belgium,2
HH2032011,Belgium,2
HH2032109,Belgium,2
HH2032110,Belgium,2
HH2032111,Belgium,2
HH2032209,Belgium,3
HH2032210,Belgium,3
HH2032211,Belgium,3
HH2032309,Belgium,2
HH2032310,Belgium,2
HH2032311,Belgium,2
HH2032409,Belgium,2
HH2032410,Belgium,2
HH2032411,Belgium,2
HH2032509,Belgium,2
HH2032510,Belgium,2
HH2032511,Belgium,2
HH2032609,Belgium,2
HH2032610,Belgium,2
HH2032611,Belgium,2
HH2032709,Belgium,3
HH2032710,Belgium,3
HH2032711,Belgium,3
HH2033009,Belgium,2
HH2033010,Belgium,2
HH2033011,Belgium,2
HH2033109,Belgium,2
HH2033110,Belgium,2
HH2033111,Belgium,2
HH2033209,Belgium,2
HH2033210,Belgium,2
HH2033211,Belgium,2
HH2033309,Belgium,1
HH2033310,Belgium,1
HH2033311,Belgium,1
HH2033409,Belgium,1
HH2033410,Belgium,1
HH2033411,Belgium,1
HH2033509,Belgium,2
HH2033510,Belgium,2
HH2033511,Belgium,2
HH2033609,Belgium,3
HH2033610,Belgium,3
HH2033611,Belgium,3
HH2033709,Belgium,3
HH2033710,Belgium,3
HH2033711,Belgium,3
HH2033809,Belgium,3
HH2033810,Belgium,3
HH2033811,Belgium,3
HH2033909,Belgium,2
HH2033910,Belgium,2
HH2033911,Belgium,2
HH2034009,Belgium,2
HH2034010,Belgium,2
HH2034109,Belgium,1
HH2034110,Belgium,1
HH2034111,Belgium,1
HH2034209,Belgium,2
HH2034210,Belgium,2
HH2034211,Belgium,2
HH2034309,Belgium,2
HH2034409,Belgium,2
HH2034410,Belgium,2
HH2034609,Belgium,3
HH2034610,Belgium,3
HH2034709,Belgium,2
HH2034710,Belgium,2
HH2034711,Belgium,2
HH2034809,Belgium,2
HH2034810,Belgium,2
HH2034811,Belgium,2
HH2034909,Belgium,2
HH2034910,Belgium,2
HH2034911,Belgium,2
HH2035009,Belgium,2
HH2035010,Belgium,2
HH2035109,Belgium,2
HH2035110,Belgium,2
HH2035111,Belgium,2
HH2035409,Belgium,2
HH2035410,Belgium,2
HH2035411,Belgium,2
HH2035509,Belgium,1
HH2035510,Belgium,1
HH2035511,Belgium,1
HH2035609,Belgium,2
HH2035610,Belgium,2
HH2035611,Belgium,2
HH2035709,Belgium,5
HH2035711,Belgium,5
HH2035809,Belgium,2
HH2035810,Belgium,2
HH2035811,Belgium,2
HH2035909,Belgium,2
HH2035910,Belgium,2
HH2035911,Belgium,2
HH2036009,Belgium,2
HH2036010,Belgium,2
HH2036011,Belgium,2
HH2036109,Belgium,2
HH2036110,Belgium,2
HH2036111,Belgium,2
HH2036209,Belgium,2
HH2036210,Belgium,2
HH2036211,Belgium,2
HH2036309,Belgium,4
HH2036409,Belgium,2
HH2036509,Belgium,2
HH2036510,Belgium,2
HH2036511,Belgium,2
HH2036609,Belgium,2
HH2036610,Belgium,2
HH2036709,Belgium,2
HH2036809,Belgium,2
HH2036810,Belgium,2
HH2036811,Belgium,2
HH2036909,Belgium,1
HH2036910,Belgium,1
HH2037109,Belgium,2
HH2037110,Belgium,2
HH2037111,Belgium,2
HH2037309,Belgium,3
HH2037310,Belgium,3
HH2037311,Belgium,3
HH2037409,Belgium,1
HH2037410,Belgium,1
HH2037411,Belgium,1
HH2037509,Belgium,2
HH2037510,Belgium,2
HH2037511,Belgium,2
HH2037609,Belgium,2
HH2037610,Belgium,2
HH2037611,Belgium,2
HH2037709,Belgium,1
HH2037710,Belgium,1
HH2037711,Belgium,1
HH2037809,Belgium,1
HH2037811,Belgium,1
HH2037909,Belgium,2
HH2037910,Belgium,2
HH2037911,Belgium,2
HH2038009,Belgium,1
HH2038010,Belgium,1
HH2038011,Belgium,1
HH2038109,Belgium,1
HH2038111,Belgium,1
HH2038209,Belgium,2
HH2038210,Belgium,2
HH2038211,Belgium,2
HH2038309,Belgium,1
HH2038310,Belgium,1
HH2038311,Belgium,1
HH2038409,Belgium,2
HH2038410,Belgium,2
HH2038411,Belgium,2
HH2038509,Belgium,1
HH2038510,Belgium,1
HH2038511,Belgium,1
HH2038709,Belgium,2
HH2038710,Belgium,2
HH2038711,Belgium,2
HH2038809,Belgium,2
HH2038810,Belgium,2
HH2038811,Belgium,2
HH2038909,Belgium,3
HH2038910,Belgium,3
HH2038911,Belgium,3
HH2039009,Belgium,4
HH2039109,Belgium,3
HH2039110,Belgium,3
HH2039209,Belgium,2
HH2039309,Belgium,1
HH2039310,Belgium,1
HH2039311,Belgium,1
HH2039409,Belgium,1
HH2039410,Belgium,1
HH2039411,Belgium,1
HH2039509,Belgium,2
HH2039510,Belgium,2
HH2039511,Belgium,2
HH2039609,Belgium,1
HH2039610,Belgium,1
HH2039611,Belgium,1
HH2039709,Belgium,3
HH2039710,Belgium,3
HH2039711,Belgium,3
HH2039809,Belgium,2
HH2039810,Belgium,2
HH2039811,Belgium,2
HH2039909,Belgium,2
HH2039910,Belgium,2
HH2040009,Belgium,2
HH2040010,Belgium,2
HH2040011,Belgium,2
HH2040109,Belgium,1
HH2040110,Belgium,1
HH2040209,Belgium,3
HH2040210,Belgium,3
HH2040211,Belgium,3
HH2040309,Belgium,4
HH2040311,Belgium,4
HH2040409,Belgium,4
HH2040410,Belgium,4
HH2040411,Belgium,4
HH2040609,Belgium,2
HH2040610,Belgium,2
HH2040611,Belgium,2
HH2040709,Belgium,1
HH2040710,Belgium,1
HH2040711,Belgium,1
HH2040909,Belgium,1
HH2040910,Belgium,1
HH2040911,Belgium,1
HH2041009,Belgium,2
HH2041109,Belgium,3
HH2041110,Belgium,3
HH2041111,Belgium,3
HH2041309,Belgium,1
HH2041310,Belgium,1
HH2041311,Belgium,1
HH2041409,Belgium,2
HH2041410,Belgium,2
HH2041411,Belgium,2
HH2041509,Belgium,1
HH2041510,Belgium,1
HH2041511,Belgium,1
HH2041609,Belgium,1
HH2041610,Belgium,1
HH2041611,Belgium,1
HH2041909,Belgium,2
HH2041910,Belgium,2
HH2041911,Belgium,2
HH2042209,Belgium,2
HH2042210,Belgium,2
HH2042211,Belgium,2
HH2042309,Belgium,2
HH2042310,Belgium,2
HH2042311,Belgium,2
HH2042409,Belgium,2
HH2042410,Belgium,2
HH2042509,Belgium,2
HH2042510,Belgium,2
HH2042511,Belgium,2
HH2042609,Belgium,2
HH2042610,Belgium,2
HH2042809,Belgium,2
HH2042810,Belgium,2
HH2042811,Belgium,2
HH2042909,Belgium,2
HH2042910,Belgium,2
HH2042911,Belgium,2
HH2043009,Belgium,3
HH2043010,Belgium,3
HH2043011,Belgium,3
HH2043209,Belgium,2
HH2043309,Belgium,1
HH2043310,Belgium,1
HH2043311,Belgium,1
HH2043409,Belgium,2
HH2043410,Belgium,2
HH2043411,Belgium,2
HH2043509,Belgium,2
HH2043510,Belgium,2
HH2043511,Belgium,2
HH2043609,Belgium,2
HH2043610,Belgium,2
HH2043611,Belgium,2
HH2043709,Belgium,2
HH2043710,Belgium,2
HH2043711,Belgium,2
HH2043809,Belgium,2
HH2043810,Belgium,2
HH2043811,Belgium,2
HH2044009,Belgium,1
HH2044109,Belgium,1
HH2044110,Belgium,1
HH2044111,Belgium,1
HH2044209,Belgium,2
HH2044210,Belgium,2
HH2044211,Belgium,2
HH2044409,Belgium,2
HH2044410,Belgium,2
HH2044411,Belgium,2
HH2044509,Belgium,3
HH2044510,Belgium,3
HH2044511,Belgium,3
HH2044609,Belgium,1
HH2044610,Belgium,1
HH2044611,Belgium,1
HH2044709,Belgium,2
HH2044710,Belgium,2
HH2044809,Belgium,4
HH2044810,Belgium,4
HH2044811,Belgium,4
HH2044909,Belgium,2
HH2044910,Belgium,2
HH2044911,Belgium,2
HH2045009,Belgium,3
HH2045010,Belgium,3
HH2045011,Belgium,3
HH2045109,Belgium,1
HH2045110,Belgium,1
HH2045111,Belgium,1
HH2045209,Belgium,3
HH2045211,Belgium,3
HH2045309,Belgium,2
HH2045310,Belgium,2
HH2045311,Belgium,2
HH2045409,Belgium,2
HH2045410,Belgium,2
HH2045411,Belgium,2
HH2045509,Belgium,3
HH2045510,Belgium,3
HH2045709,Belgium,3
HH2046009,Belgium,2
HH2046010,Belgium,2
HH2046011,Belgium,2
HH2046109,Belgium,2
HH2046110,Belgium,2
HH2046111,Belgium,2
HH2046209,Belgium,1
HH2046210,Belgium,1
HH2046211,Belgium,1
HH2046309,Belgium,2
HH2046310,Belgium,2
HH2046311,Belgium,2
HH2046509,Belgium,1
HH2046510,Belgium,1
HH2046511,Belgium,1
HH2046609,Belgium,1
HH2046610,Belgium,1
HH2046611,Belgium,1
HH2046709,Belgium,2
HH2046710,Belgium,2
HH2046711,Belgium,2
HH2046809,Belgium,2
HH2046810,Belgium,2
HH2046811,Belgium,2
HH2046909,Belgium,1
HH2046910,Belgium,1
HH2046911,Belgium,1
HH2047109,Belgium,4
HH2047110,Belgium,4
HH2047111,Belgium,4
HH2047209,Belgium,2
HH2047210,Belgium,2
HH2047211,Belgium,2
HH2047309,Belgium,2
HH2047409,Belgium,2
HH2047410,Belgium,2
HH2047411,Belgium,2
HH2047509,Belgium,2
HH2047510,Belgium,2
HH2047511,Belgium,2
HH2047609,Belgium,2
HH2047610,Belgium,2
HH2047611,Belgium,2
HH2047909,Belgium,2
HH2047910,Belgium,2
HH2047911,Belgium,2
HH2048009,Belgium,2
HH2048010,Belgium,2
HH2048011,Belgium,2
HH2048109,Belgium,1
HH2048110,Belgium,1
HH2048111,Belgium,1
HH2048209,Belgium,1
HH2048210,Belgium,1
HH2048309,Belgium,2
HH2048310,Belgium,2
HH2048311,Belgium,2
HH2048409,Belgium,2
HH2048410,Belgium,2
HH2048411,Belgium,2
HH2048509,Belgium,3
HH2048510,Belgium,3
HH2048511,Belgium,3
HH2048609,Belgium,2
HH2048610,Belgium,2
HH2048611,Belgium,2
HH2048709,Belgium,2
HH2048809,Belgium,1
HH2048810,Belgium,1
HH2048811,Belgium,1
HH2048909,Belgium,1
HH2048910,Belgium,1
HH2048911,Belgium,1
HH2049009,Belgium,1
HH2049010,Belgium,1
HH2049109,Belgium,2
HH2049110,Belgium,2
HH2049111,Belgium,2
HH2049209,Belgium,3
HH2049210,Belgium,3
HH2049211,Belgium,3
HH2049309,Belgium,2
HH2049310,Belgium,2
HH2049311,Belgium,2
HH2050409,Belgium,2
HH2050411,Belgium,2
HH2050809,Belgium,3
HH2050810,Belgium,3
HH2050811,Belgium,3
HH2051009,Belgium,3
HH2051011,Belgium,3
HH2051309,Belgium,2
HH2051311,Belgium,2
HH2051809,Belgium,2
HH2051810,Belgium,2
HH2051811,Belgium,2
HH2052009,Belgium,2
HH2052010,Belgium,2
HH2052011,Belgium,2
HH2052809,Belgium,2
HH2052810,Belgium,2
HH2052811,Belgium,2
HH2053209,Belgium,2
HH2053210,Belgium,2
HH2053211,Belgium,2
HH2054109,Belgium,1
HH2054110,Belgium,1
HH2054111,Belgium,1
HH2054209,Belgium,1
HH2054210,Belgium,1
HH2054211,Belgium,1
HH2055309,Belgium,2
HH2055310,Belgium,2
HH2055311,Belgium,2
HH2055509,Belgium,5
HH2055510,Belgium,5
HH2055709,Belgium,2
HH2055710,Belgium,2
HH2055711,Belgium,2
HH2056409,Belgium,1
HH2056411,Belgium,1
HH2056709,Belgium,1
HH2056710,Belgium,1
HH2056711,Belgium,1
HH2057009,Belgium,2
HH2057010,Belgium,2
HH2057011,Belgium,2
HH2057109,Belgium,1
HH2057110,Belgium,1
HH2057111,Belgium,1
HH2057209,Belgium,4
HH2057210,Belgium,4
HH2057211,Belgium,4
HH2057309,Belgium,4
HH2057310,Belgium,4
HH2057311,Belgium,4
HH2057409,Belgium,1
HH2057410,Belgium,1
HH2057509,Belgium,2
HH2057510,Belgium,2
HH2057511,Belgium,2
HH2057609,Belgium,4
HH2057709,Belgium,2
HH2057710,Belgium,2
HH2057711,Belgium,2
HH2057809,Belgium,1
HH2057810,Belgium,1
HH2057909,Belgium,1
HH2057910,Belgium,1
HH2057911,Belgium,1
HH2058009,Belgium,2
HH2058010,Belgium,2
HH2058011,Belgium,2
HH2058109,Belgium,2
HH2058110,Belgium,2
HH2058209,Belgium,1
HH2058210,Belgium,1
HH2058211,Belgium,1
HH2058309,Belgium,2
HH2058310,Belgium,2
HH2058409,Belgium,3
HH2058410,Belgium,3
HH2058411,Belgium,3
HH2058509,Belgium,2
HH2058510,Belgium,2
HH2058511,Belgium,2
HH2058609,Belgium,2
HH2058610,Belgium,2
HH2058611,Belgium,2
HH2058709,Belgium,1
HH2058809,Belgium,1
HH2058810,Belgium,1
HH2058811,Belgium,1
HH2058909,Belgium,2
HH2059009,Belgium,1
HH2059010,Belgium,1
HH2059011,Belgium,1
HH2059109,Belgium,2
HH2059110,Belgium,2
HH2059309,Belgium,3
HH2059310,Belgium,3
HH2059311,Belgium,3
HH2059409,Belgium,2
HH2059410,Belgium,2
HH2059411,Belgium,2
HH2059509,Belgium,4
HH2059510,Belgium,4
HH2059511,Belgium,4
HH2059609,Belgium,2
HH2059610,Belgium,2
HH2059611,Belgium,2
HH2059709,Belgium,2
HH2059710,Belgium,2
HH2059809,Belgium,1
HH2059810,Belgium,1
HH2059811,Belgium,1
HH2059909,Belgium,1
HH2059910,Belgium,1
HH2059911,Belgium,1
HH2060009,Belgium,5
HH2060309,Belgium,2
HH2060310,Belgium,2
HH2060311,Belgium,2
HH2060509,Belgium,3
HH2060510,Belgium,3
HH2060511,Belgium,3
HH2060609,Belgium,2
HH2060610,Belgium,2
HH2060611,Belgium,2
HH2060709,Belgium,4
HH2060710,Belgium,4
HH2060809,Belgium,2
HH2060810,Belgium,2
HH2060811,Belgium,2
HH2060909,Belgium,1
HH2060910,Belgium,1
HH2061009,Belgium,1
HH2061010,Belgium,1
HH2061011,Belgium,1
HH2061109,Belgium,2
HH2061110,Belgium,2
HH2061111,Belgium,2
HH2061209,Belgium,2
HH2061210,Belgium,2
HH2061211,Belgium,2
HH2061309,Belgium,2
HH2061310,Belgium,2
HH2061311,Belgium,2
HH2061409,Belgium,1
HH2061410,Belgium,1
HH2061411,Belgium,1
HH2061509,Belgium,2
HH2061511,Belgium,2
HH2061609,Belgium,2
HH2061610,Belgium,2
HH2061611,Belgium,2
HH2061709,Belgium,2
HH2061710,Belgium,2
HH2061711,Belgium,2
HH2061809,Belgium,2
HH2061810,Belgium,2
HH2061811,Belgium,2
HH2061909,Belgium,2
HH2061910,Belgium,2
HH2061911,Belgium,2
HH2062109,Belgium,2
HH2062110,Belgium,2
HH2062111,Belgium,2
HH2062209,Belgium,2
HH2062210,Belgium,2
HH2062211,Belgium,2
HH2062309,Belgium,5
HH2062310,Belgium,5
HH2062311,Belgium,5
HH2062609,Belgium,2
HH2062610,Belgium,2
HH2062611,Belgium,2
HH2062709,Belgium,1
HH2062710,Belgium,1
HH2062711,Belgium,1
HH2062809,Belgium,2
HH2062810,Belgium,2
HH2062811,Belgium,2
HH2063109,Belgium,4
HH2063209,Belgium,1
HH2063210,Belgium,1
HH2063211,Belgium,1
HH2063309,Belgium,3
HH2063311,Belgium,3
HH2063409,Belgium,1
HH2063411,Belgium,1
HH2063509,Belgium,2
HH2063510,Belgium,2
HH2063511,Belgium,2
HH2063609,Belgium,1
HH2063610,Belgium,1
HH2063709,Belgium,4
HH2063710,Belgium,4
HH2063711,Belgium,4
HH2063909,Belgium,3
HH2063910,Belgium,3
HH2063911,Belgium,3
HH2064009,Belgium,2
HH2064109,Belgium,2
HH2064110,Belgium,2
HH2064111,Belgium,2
HH2064309,Belgium,1
HH2064310,Belgium,1
HH2064509,Belgium,3
HH2064510,Belgium,3
HH2064511,Belgium,3
HH2064609,Belgium,1
HH2064610,Belgium,1
HH2064611,Belgium,1
HH2064709,Belgium,1
HH2064710,Belgium,1
HH2064711,Belgium,1
HH2064809,Belgium,2
HH2064810,Belgium,2
HH2064811,Belgium,2
HH2064909,Belgium,3
HH2064910,Belgium,3
HH2064911,Belgium,3
HH2065009,Belgium,2
HH2065010,Belgium,2
HH2065011,Belgium,2
HH2065109,Belgium,2
HH2065110,Belgium,2
HH2065111,Belgium,2
HH2065209,Belgium,3
HH2065309,Belgium,2
HH2065310,Belgium,2
HH2065311,Belgium,2
HH2065409,Belgium,2
HH2065411,Belgium,2
HH2065509,Belgium,2
HH2065510,Belgium,2
HH2065511,Belgium,2
HH2065709,Belgium,2
HH2065710,Belgium,2
HH2065711,Belgium,2
HH2065809,Belgium,4
HH2069309,Belgium,1
HH2069311,Belgium,1
HH2069409,Belgium,2
HH2069509,Belgium,1
HH2069511,Belgium,1
HH2069609,Belgium,4
HH2069709,Belgium,1
HH2069711,Belgium,1
HH2069809,Belgium,2
HH2069810,Belgium,2
HH2069811,Belgium,2
HH2069909,Belgium,3
HH2069911,Belgium,3
HH2070009,Belgium,2
HH2070010,Belgium,2
HH2070011,Belgium,2
HH2070109,Belgium,2
HH2070111,Belgium,2
HH2070209,Belgium,2
HH2070210,Belgium,2
HH2070211,Belgium,2
HH2070309,Belgium,3
HH2070311,Belgium,3
HH2070409,Belgium,6
HH2070410,Belgium,6
HH2070411,Belgium,6
HH2070509,Belgium,2
HH2070510,Belgium,2
HH2070511,Belgium,2
HH2070609,Belgium,2
HH2070610,Belgium,2
HH2070611,Belgium,2
HH2070709,Belgium,4
HH2070909,Belgium,1
HH2070910,Belgium,1
HH2070911,Belgium,1
HH2071009,Belgium,2
HH2071011,Belgium,2
HH2071109,Belgium,4
HH2071111,Belgium,4
HH2071209,Belgium,2
HH2071210,Belgium,2
HH2071211,Belgium,2
HH2071309,Belgium,1
HH2071310,Belgium,1
HH2071311,Belgium,1
HH2071409,Belgium,1
HH2071411,Belgium,1
HH2071509,Belgium,5
HH2071511,Belgium,5
HH2071609,Belgium,1
HH2071610,Belgium,1
HH2071611,Belgium,1
HH2071709,Belgium,2
HH2071809,Belgium,4
HH2071810,Belgium,4
HH2071811,Belgium,4
HH2071909,Belgium,4
HH2071910,Belgium,4
HH2071911,Belgium,4
HH2072009,Belgium,4
HH2072010,Belgium,4
HH2072011,Belgium,4
HH2072109,Belgium,2
HH2072111,Belgium,2
HH2072209,Belgium,1
HH2072211,Belgium,1
HH2072309,Belgium,2
HH2072310,Belgium,2
HH2072311,Belgium,2
HH2072409,Belgium,3
HH2072410,Belgium,3
HH2072411,Belgium,3
HH2072509,Belgium,1
HH2072511,Belgium,1
HH2072709,Belgium,2
HH2072710,Belgium,2
HH2072711,Belgium,2
HH2072809,Belgium,2
HH2072810,Belgium,2
HH2072811,Belgium,2
HH2072909,Belgium,2
HH2072910,Belgium,2
HH2072911,Belgium,2
HH2073009,Belgium,2
HH2073010,Belgium,2
HH2073011,Belgium,2
HH2073109,Belgium,6
HH2073110,Belgium,6
HH2073111,Belgium,6
HH2073209,Belgium,2
HH2073210,Belgium,2
HH2073211,Belgium,2
HH2073309,Belgium,2
HH2073311,Belgium,2
HH2073409,Belgium,2
HH2073411,Belgium,2
HH2073509,Belgium,2
HH2073510,Belgium,2
HH2073511,Belgium,2
HH2073609,Belgium,1
HH2073610,Belgium,1
HH2073611,Belgium,1
HH2073709,Belgium,1
HH2073711,Belgium,1
HH2073809,Belgium,1
HH2073810,Belgium,1
HH2073811,Belgium,1
HH2073909,Belgium,2
HH2073910,Belgium,2
HH2073911,Belgium,2
HH2074009,Belgium,5
HH2074109,Belgium,6
HH2074111,Belgium,6
HH2074209,Belgium,3
HH2074211,Belgium,3
HH2074309,Belgium,3
HH2074311,Belgium,3
HH2074409,Belgium,3
HH2074410,Belgium,3
HH2074411,Belgium,3
HH2074509,Belgium,2
HH2074511,Belgium,2
HH2074609,Belgium,3
HH2074611,Belgium,3
HH2074709,Belgium,1
HH2074711,Belgium,1
HH2074809,Belgium,2
HH2074810,Belgium,2
HH2074811,Belgium,2
HH2074909,Belgium,2
HH2074910,Belgium,2
HH2074911,Belgium,2
HH2075009,Belgium,2
HH2075011,Belgium,2
HH2075109,Belgium,2
HH2075110,Belgium,2
HH2075111,Belgium,2
HH2075209,Belgium,4
HH2075211,Belgium,4
HH2075309,Belgium,2
HH2075311,Belgium,2
HH2075409,Belgium,4
HH2075509,Belgium,2
HH2075510,Belgium,2
HH2075511,Belgium,2
HH2075709,Belgium,4
HH2075711,Belgium,4
HH2075809,Belgium,2
HH2075909,Belgium,4
HH2075910,Belgium,4
HH2075911,Belgium,4
HH2076009,Belgium,3
HH2076010,Belgium,3
HH2076011,Belgium,3
HH2076109,Belgium,1
HH2076110,Belgium,1
HH2076111,Belgium,1
HH2076209,Belgium,2
HH2076210,Belgium,2
HH2076211,Belgium,2
HH2076309,Belgium,1
HH2076310,Belgium,1
HH2076311,Belgium,1
HH2076409,Belgium,2
HH2076410,Belgium,2
HH2076411,Belgium,2
HH2076509,Belgium,3
HH2076511,Belgium,3
HH2076609,Belgium,6
HH2076610,Belgium,6
HH2076611,Belgium,6
HH2076709,Belgium,1
HH2076711,Belgium,1
HH2076809,Belgium,1
HH2076810,Belgium,1
HH2076811,Belgium,1
HH2076909,Belgium,2
HH2076910,Belgium,2
HH2076911,Belgium,2
HH2077009,Belgium,2
HH2077010,Belgium,2
HH2077011,Belgium,2
HH2077109,Belgium,4
HH2077111,Belgium,4
HH2077209,Belgium,5
HH2077309,Belgium,3
HH2077310,Belgium,3
HH2077311,Belgium,3
HH2077409,Belgium,3
HH2077410,Belgium,3
HH2077411,Belgium,3
HH2077509,Belgium,1
HH2077511,Belgium,1
HH2077609,Belgium,3
HH2077610,Belgium,3
HH2077709,Belgium,1
HH2077711,Belgium,1
HH2077809,Belgium,1
HH2077810,Belgium,1
HH2077811,Belgium,1
HH2077909,Belgium,3
HH2077910,Belgium,3
HH2077911,Belgium,3
HH2078009,Belgium,2
HH2078209,Belgium,2
HH2078210,Belgium,2
HH2078309,Belgium,3
HH2078311,Belgium,3
HH2078409,Belgium,5
HH2078411,Belgium,5
HH2078509,Belgium,3
HH2078510,Belgium,3
HH2078511,Belgium,3
HH2078609,Belgium,2
HH2078610,Belgium,2
HH2078611,Belgium,2
HH2078709,Belgium,2
HH2078711,Belgium,2
HH2078809,Belgium,3
HH2078810,Belgium,3
HH2078811,Belgium,3
HH2078909,Belgium,5
HH2078910,Belgium,5
HH2079009,Belgium,3
HH2079010,Belgium,3
HH2079011,Belgium,3
HH2079109,Belgium,5
HH2079209,Belgium,5
HH2079210,Belgium,5
HH2079211,Belgium,5
HH2079309,Belgium,2
HH2079311,Belgium,2
HH2079409,Belgium,1
HH2079410,Belgium,1
HH2079411,Belgium,1
HH2079509,Belgium,2
HH2079510,Belgium,2
HH2079511,Belgium,2
HH2079609,Belgium,5
HH2079709,Belgium,2
HH2079710,Belgium,2
HH2079711,Belgium,2
HH2079809,Belgium,3
HH2079810,Belgium,3
HH2079909,Belgium,1
HH2080009,Belgium,7
HH2080011,Belgium,7
HH2080109,Belgium,1
HH2080111,Belgium,1
HH2080209,Belgium,2
HH2080211,Belgium,2
HH2080309,Belgium,1
HH2080310,Belgium,1
HH2080311,Belgium,1
HH2080409,Belgium,5
HH2080410,Belgium,5
HH2080411,Belgium,1
HH2080509,Belgium,2
HH2080511,Belgium,2
HH2080609,Belgium,1
HH2080610,Belgium,1
HH2080611,Belgium,1
HH2080709,Belgium,3
HH2080710,Belgium,3
HH2080711,Belgium,3
HH2080809,Belgium,3
HH2080810,Belgium,3
HH2080909,Belgium,2
HH2081009,Belgium,4
HH2081010,Belgium,4
HH2081011,Belgium,4
HH2081109,Belgium,1
HH2081111,Belgium,1
HH2081209,Belgium,2
HH2081210,Belgium,2
HH2081211,Belgium,2
HH2081309,Belgium,2
HH2081310,Belgium,2
HH2081409,Belgium,3
HH2081411,Belgium,3
HH2081609,Belgium,1
HH2081610,Belgium,1
HH2081611,Belgium,1
HH2081709,Belgium,3
HH2081711,Belgium,3
HH2081809,Belgium,4
HH2081811,Belgium,4
HH2081909,Belgium,2
HH2082009,Belgium,1
HH2082010,Belgium,1
HH2082011,Belgium,1
HH2082109,Belgium,1
HH2082110,Belgium,1
HH2082111,Belgium,1
HH2082209,Belgium,1
HH2082210,Belgium,1
HH2082211,Belgium,1
HH2082309,Belgium,4
HH2082310,Belgium,4
HH2082409,Belgium,4
HH2082410,Belgium,4
HH2082411,Belgium,4
HH2082509,Belgium,3
HH2082510,Belgium,3
HH2082511,Belgium,3
HH2082609,Belgium,2
HH2082610,Belgium,2
HH2082611,Belgium,2
HH2082709,Belgium,2
HH2082710,Belgium,2
HH2082711,Belgium,2
HH2082809,Belgium,1
HH2082810,Belgium,1
HH2082811,Belgium,1
HH2082909,Belgium,1
HH2083009,Belgium,1
HH2083011,Belgium,1
HH2083109,Belgium,2
HH2083110,Belgium,2
HH2083111,Belgium,2
HH2083309,Belgium,2
HH2083311,Belgium,2
HH2083409,Belgium,4
HH2083411,Belgium,4
HH2083509,Belgium,1
HH2083511,Belgium,1
HH2083609,Belgium,2
HH2083611,Belgium,2
HH2083709,Belgium,3
HH2083710,Belgium,3
HH2083711,Belgium,3
HH2083809,Belgium,1
HH2083811,Belgium,1
HH2083909,Belgium,2
HH2083910,Belgium,2
HH2083911,Belgium,2
HH2084009,Belgium,1
HH2084109,Belgium,1
HH2084110,Belgium,1
HH2084111,Belgium,1
HH2084209,Belgium,3
HH2084309,Belgium,1
HH2084310,Belgium,1
HH2084311,Belgium,1
HH2084409,Belgium,1
HH2084509,Belgium,3
HH2084511,Belgium,3
HH2084609,Belgium,4
HH2084610,Belgium,4
HH2084611,Belgium,4
HH2084709,Belgium,4
HH2084809,Belgium,3
HH2084810,Belgium,3
HH2084909,Belgium,6
HH2085009,Belgium,2
HH2085011,Belgium,2
HH2085109,Belgium,5
HH2085110,Belgium,5
HH2085111,Belgium,5
HH2085209,Belgium,3
HH2085211,Belgium,3
HH2085309,Belgium,4
HH2085409,Belgium,2
HH2085410,Belgium,2
HH2085411,Belgium,2
HH2085509,Belgium,2
HH2085510,Belgium,2
HH2085511,Belgium,2
HH2085709,Belgium,4
HH2085710,Belgium,4
HH2085711,Belgium,4
HH2085809,Belgium,1
HH2085811,Belgium,1
HH2085909,Belgium,3
HH2086009,Belgium,4
HH2086010,Belgium,4
HH2086011,Belgium,4
HH2086109,Belgium,4
HH2086110,Belgium,4
HH2086209,Belgium,1
HH2086211,Belgium,1
HH2086309,Belgium,2
HH2086311,Belgium,2
HH2086409,Belgium,1
HH2086411,Belgium,1
HH2086509,Belgium,4
HH2086511,Belgium,4
HH2086609,Belgium,2
HH2086610,Belgium,2
HH2086611,Belgium,2
HH2086709,Belgium,4
HH2086809,Belgium,3
HH2086810,Belgium,3
HH2086811,Belgium,3
HH2086909,Belgium,1
HH2086910,Belgium,1
HH2086911,Belgium,1
HH2087009,Belgium,1
HH2087010,Belgium,1
HH2087011,Belgium,1
HH2087109,Belgium,3
HH2087110,Belgium,3
HH2087111,Belgium,3
HH2087209,Belgium,2
HH2087211,Belgium,2
HH2087309,Belgium,3
HH2087310,Belgium,3
HH2087311,Belgium,3
HH2087409,Belgium,2
HH2087410,Belgium,2
HH2087411,Belgium,2
HH2087509,Belgium,1
HH2087510,Belgium,1
HH2087511,Belgium,1
HH2087609,Belgium,1
HH2087611,Belgium,1
HH2087709,Belgium,1
HH2087710,Belgium,1
HH2087711,Belgium,1
HH2087809,Belgium,4
HH2087811,Belgium,4
HH2087909,Belgium,1
HH2087910,Belgium,1
HH2087911,Belgium,1
HH2088009,Belgium,1
HH2088011,Belgium,1
HH2088209,Belgium,1
HH2088309,Belgium,2
HH2088310,Belgium,2
HH2088311,Belgium,2
HH2088409,Belgium,4
HH2088410,Belgium,4
HH2088411,Belgium,2
HH2088509,Belgium,4
HH2088510,Belgium,4
HH2088511,Belgium,4
HH2088609,Belgium,3
HH2088709,Belgium,4
HH2088710,Belgium,4
HH2088711,Belgium,4
HH2088909,Belgium,2
HH2088910,Belgium,2
HH2089009,Belgium,1
HH2089011,Belgium,1
HH2089109,Belgium,3
HH2089111,Belgium,3
HH2089209,Belgium,2
HH2089210,Belgium,2
HH2089211,Belgium,2
HH2089309,Belgium,6
HH2089409,Belgium,3
HH2089410,Belgium,3
HH2089509,Belgium,2
HH2089609,Belgium,2
HH2089610,Belgium,2
HH2089611,Belgium,2
HH2089709,Belgium,2
HH2089710,Belgium,2
HH2089711,Belgium,2
HH2089809,Belgium,1
HH2089909,Belgium,4
HH2090109,Belgium,1
HH2090111,Belgium,1
HH2090209,Belgium,3
HH2090210,Belgium,3
HH2090409,Belgium,3
HH2090410,Belgium,3
HH2090411,Belgium,3
HH2090509,Belgium,1
HH2090510,Belgium,1
HH2090511,Belgium,1
HH2090609,Belgium,2
HH2090610,Belgium,2
HH2090611,Belgium,2
HH2090709,Belgium,2
HH2090710,Belgium,2
HH2090711,Belgium,2
HH2090809,Belgium,2
HH2090810,Belgium,2
HH2090811,Belgium,2
HH2090909,Belgium,3
HH2090910,Belgium,3
HH2090911,Belgium,3
HH2091009,Belgium,2
HH2091010,Belgium,2
HH2091011,Belgium,2
HH2091109,Belgium,2
HH2091111,Belgium,2
HH2091209,Belgium,2
HH2091509,Belgium,4
HH2091609,Belgium,2
HH2091611,Belgium,2
HH2091709,Belgium,3
HH2091710,Belgium,3
HH2091809,Belgium,1
HH2091811,Belgium,1
HH2091909,Belgium,2
HH2091910,Belgium,2
HH2091911,Belgium,2
HH2092009,Belgium,2
HH2092109,Belgium,3
HH2092110,Belgium,3
HH2092111,Belgium,3
HH2092209,Belgium,2
HH2092210,Belgium,2
HH2092211,Belgium,2
HH2092309,Belgium,4
HH2092311,Belgium,4
HH2092409,Belgium,4
HH2092509,Belgium,1
HH2092511,Belgium,1
HH2092609,Belgium,1
HH2092611,Belgium,1
HH2092709,Belgium,2
HH2092711,Belgium,2
HH2092809,Belgium,3
HH2092810,Belgium,3
HH2092811,Belgium,3
HH2093009,Belgium,1
HH2093109,Belgium,3
HH2093110,Belgium,3
HH2093111,Belgium,3
HH2093209,Belgium,3
HH2093210,Belgium,3
HH2093211,Belgium,3
HH2093309,Belgium,5
HH2093409,Belgium,1
HH2093410,Belgium,1
HH2093509,Belgium,3
HH2093609,Belgium,3
HH2093611,Belgium,3
HH2093709,Belgium,6
HH2093710,Belgium,6
HH2093809,Belgium,4
HH2093909,Belgium,2
HH2093910,Belgium,2
HH2093911,Belgium,2
HH2094009,Belgium,4
HH2094010,Belgium,4
HH2094011,Belgium,4
HH2094109,Belgium,4
HH2094110,Belgium,4
HH2094111,Belgium,4
HH2094209,Belgium,2
HH2094211,Belgium,2
HH2094309,Belgium,5
HH2094310,Belgium,5
HH2094409,Belgium,2
HH2094509,Belgium,1
HH2094511,Belgium,1
HH2094609,Belgium,3
HH2094610,Belgium,3
HH2094611,Belgium,3
HH2094709,Belgium,3
HH2094809,Belgium,4
HH2095009,Belgium,2
HH2095010,Belgium,2
HH2095011,Belgium,2
HH2095109,Belgium,3
HH2095111,Belgium,3
HH2095209,Belgium,2
HH2095211,Belgium,2
HH2095309,Belgium,5
HH2095311,Belgium,5
HH2095409,Belgium,2
HH2095509,Belgium,2
HH2095510,Belgium,2
HH2095609,Belgium,1
HH2095610,Belgium,1
HH2095611,Belgium,1
HH2095709,Belgium,4
HH2095710,Belgium,4
HH2095711,Belgium,4
HH2095809,Belgium,2
HH2095810,Belgium,2
HH2095811,Belgium,2
HH2095909,Belgium,1
HH2096009,Belgium,2
HH2096010,Belgium,2
HH2096011,Belgium,2
HH2096109,Belgium,2
HH2096110,Belgium,2
HH2096111,Belgium,2
HH2096209,Belgium,2
HH2096210,Belgium,2
HH2096211,Belgium,2
HH2096309,Belgium,3
HH2096311,Belgium,3
HH2096409,Belgium,1
HH2096410,Belgium,1
HH2096411,Belgium,1
HH2096509,Belgium,3
HH2096609,Belgium,1
HH2096709,Belgium,1
HH2096710,Belgium,1
HH2096711,Belgium,1
HH2096909,Belgium,1
HH2096911,Belgium,1
HH2097009,Belgium,1
HH2097010,Belgium,1
HH2097011,Belgium,1
HH2097109,Belgium,2
HH2097111,Belgium,2
HH2097209,Belgium,4
HH2097210,Belgium,4
HH2097211,Belgium,4
HH2097309,Belgium,4
HH2097310,Belgium,4
HH2097311,Belgium,4
HH2097409,Belgium,2
HH2097410,Belgium,2
HH2097411,Belgium,2
HH2097509,Belgium,4
HH2097609,Belgium,4
HH2097709,Belgium,5
HH2097809,Belgium,2
HH2097810,Belgium,2
HH2097811,Belgium,2
HH2097909,Belgium,1
HH2098009,Belgium,3
HH2098010,Belgium,3
HH2098109,Belgium,1
HH2098110,Belgium,1
HH2098111,Belgium,1
HH2098209,Belgium,2
HH2098309,Belgium,4
HH2098311,Belgium,4
HH2098409,Belgium,2
HH2098410,Belgium,2
HH2098411,Belgium,2
HH2098509,Belgium,3
HH2098510,Belgium,3
HH2098609,Belgium,2
HH2098610,Belgium,2
HH2098709,Belgium,4
HH2098710,Belgium,4
HH2098809,Belgium,5
HH2098811,Belgium,5
HH2098909,Belgium,4
HH2099009,Belgium,2
HH2099010,Belgium,2
HH2099011,Belgium,2
HH2099109,Belgium,4
HH2099209,Belgium,3
HH2099211,Belgium,3
HH2099309,Belgium,2
HH2099310,Belgium,2
HH2099409,Belgium,3
HH2099410,Belgium,3
HH2099411,Belgium,3
HH2099509,Belgium,3
HH2099511,Belgium,3
HH2099609,Belgium,1
HH2099610,Belgium,1
HH2099709,Belgium,1
HH2099710,Belgium,1
HH2099711,Belgium,1
HH2099809,Belgium,2
HH2099811,Belgium,2
HH2099909,Belgium,3
HH2099911,Belgium,3
HH2100009,Belgium,4
HH2100010,Belgium,4
HH2100011,Belgium,4
HH2100109,Belgium,2
HH2100110,Belgium,2
HH2100111,Belgium,2
HH2100209,Belgium,2
HH2100210,Belgium,2
HH2100211,Belgium,2
HH2100309,Belgium,3
HH2100310,Belgium,3
HH2100311,Belgium,3
HH2100409,Belgium,4
HH2100509,Belgium,2
HH2100510,Belgium,2
HH2100511,Belgium,2
HH2100909,Belgium,3
HH2100911,Belgium,3
HH2101009,Belgium,1
HH2101010,Belgium,1
HH2101011,Belgium,1
HH2101109,Belgium,1
HH2101111,Belgium,1
HH2101209,Belgium,5
HH2101210,Belgium,5
HH2101309,Belgium,2
HH2101311,Belgium,2
HH2101409,Belgium,3
HH2101411,Belgium,3
HH2101509,Belgium,4
HH2101609,Belgium,2
HH2101611,Belgium,2
HH2101709,Belgium,2
HH2101710,Belgium,2
HH2101711,Belgium,2
HH2101809,Belgium,2
HH2101810,Belgium,2
HH2101811,Belgium,2
HH2101909,Belgium,1
HH2101910,Belgium,1
HH2101911,Belgium,1
HH2102009,Belgium,2
HH2102010,Belgium,2
HH2102011,Belgium,2
HH2102109,Belgium,2
HH2102209,Belgium,3
HH2102309,Belgium,4
HH2102310,Belgium,4
HH2102311,Belgium,4
HH2102409,Belgium,1
HH2102411,Belgium,1
HH2102509,Belgium,3
HH2102609,Belgium,1
HH2102610,Belgium,1
HH2102611,Belgium,1
HH2102709,Belgium,1
HH2102710,Belgium,1
HH2102809,Belgium,1
HH2102810,Belgium,1
HH2102811,Belgium,1
HH2102909,Belgium,2
HH2102911,Belgium,2
HH2103009,Belgium,2
HH2103010,Belgium,2
HH2103011,Belgium,2
HH2103109,Belgium,2
HH2103209,Belgium,2
HH2103211,Belgium,2
HH2103309,Belgium,2
HH2103310,Belgium,2
HH2103311,Belgium,2
HH2103409,Belgium,3
HH2103410,Belgium,3
HH2103411,Belgium,3
HH2103509,Belgium,4
HH2103609,Belgium,3
HH2103610,Belgium,3
HH2103611,Belgium,3
HH2103709,Belgium,3
HH2103809,Belgium,1
HH2103810,Belgium,1
HH2103909,Belgium,3
HH2103911,Belgium,3
HH2104009,Belgium,1
HH2104011,Belgium,1
HH2104109,Belgium,4
HH2104110,Belgium,4
HH2104111,Belgium,4
HH2104209,Belgium,2
HH2104210,Belgium,2
HH2104211,Belgium,2
HH2104309,Belgium,3
HH2104409,Belgium,1
HH2104411,Belgium,1
HH2104509,Belgium,2
HH2104510,Belgium,2
HH2104511,Belgium,2
HH2104609,Belgium,4
HH2104610,Belgium,4
HH2104611,Belgium,4
HH2104709,Belgium,2
HH2104710,Belgium,2
HH2104711,Belgium,2
HH2104909,Belgium,3
HH2104910,Belgium,3
HH2104911,Belgium,3
HH2105009,Belgium,2
HH2105010,Belgium,2
HH2105011,Belgium,2
HH2105109,Belgium,1
HH2105110,Belgium,1
HH2105209,Belgium,4
HH2105210,Belgium,4
HH2105309,Belgium,1
HH2105311,Belgium,1
HH2105409,Belgium,3
HH2105410,Belgium,3
HH2105411,Belgium,3
HH2105509,Belgium,2
HH2105609,Belgium,1
HH2105610,Belgium,1
HH2105611,Belgium,1
HH2105809,Belgium,2
HH2105810,Belgium,2
HH2105811,Belgium,2
HH2105909,Belgium,1
HH2105910,Belgium,1
HH2105911,Belgium,1
HH2106009,Belgium,2
HH2106010,Belgium,2
HH2106011,Belgium,2
HH2106109,Belgium,3
HH2106111,Belgium,3
HH2106209,Belgium,1
HH2106210,Belgium,1
HH2106211,Belgium,1
HH2106309,Belgium,3
HH2106311,Belgium,3
HH2106409,Belgium,1
HH2106410,Belgium,1
HH2106411,Belgium,1
HH2106509,Belgium,3
HH2106510,Belgium,3
HH2106511,Belgium,3
HH2106609,Belgium,1
HH2106610,Belgium,1
HH2106611,Belgium,1
HH2106809,Belgium,4
HH2106811,Belgium,4
HH2106909,Belgium,4
HH2107009,Belgium,5
HH2107011,Belgium,5
HH2107109,Belgium,4
HH2107111,Belgium,4
HH2107209,Belgium,4
HH2107211,Belgium,4
HH2107309,Belgium,1
HH2107310,Belgium,1
HH2107311,Belgium,1
HH2107409,Belgium,5
HH2107411,Belgium,5
HH2107509,Belgium,3
HH2107609,Belgium,1
HH2107610,Belgium,1
HH2107611,Belgium,1
HH2107709,Belgium,2
HH2107710,Belgium,2
HH2107711,Belgium,2
HH2107909,Belgium,4
HH2107911,Belgium,4
HH2108109,Belgium,1
HH2108209,Belgium,4
HH2108210,Belgium,4
HH2108211,Belgium,4
HH2108309,Belgium,4
HH2108310,Belgium,4
HH2108311,Belgium,4
HH2108409,Belgium,1
HH2108410,Belgium,1
HH2108411,Belgium,1
HH2108509,Belgium,2
HH2108511,Belgium,2
HH2108709,Belgium,3
HH2108710,Belgium,3
HH2108809,Belgium,1
HH2108811,Belgium,1
HH2108909,Belgium,3
HH2108910,Belgium,3
HH2108911,Belgium,3
HH2109009,Belgium,3
HH2109011,Belgium,3
HH2109109,Belgium,3
HH2109110,Belgium,3
HH2109111,Belgium,3
HH2109209,Belgium,3
HH2109409,Belgium,2
HH2109410,Belgium,2
HH2109411,Belgium,2
HH2109509,Belgium,2
HH2109510,Belgium,2
HH2109511,Belgium,2
HH2109609,Belgium,4
HH2109610,Belgium,4
HH2109709,Belgium,2
HH2109710,Belgium,2
HH2109711,Belgium,2
HH2109809,Belgium,3
HH2109810,Belgium,3
HH2109909,Belgium,1
HH2109911,Belgium,1
HH2110009,Belgium,3
HH2110011,Belgium,3
HH2110109,Belgium,2
HH2110110,Belgium,2
HH2110111,Belgium,2
HH2110209,Belgium,1
HH2110210,Belgium,1
HH2110211,Belgium,1
HH2110309,Belgium,1
HH2110310,Belgium,1
HH2110311,Belgium,1
HH2110409,Belgium,4
HH2110410,Belgium,4
HH2110411,Belgium,4
HH2110509,Belgium,1
HH2110510,Belgium,1
HH2110511,Belgium,1
HH2110609,Belgium,2
HH2110610,Belgium,2
HH2110611,Belgium,2
HH2110709,Belgium,2
HH2110711,Belgium,2
HH2110809,Belgium,1
HH2110810,Belgium,1
HH2110811,Belgium,1
HH2110909,Belgium,2
HH2110911,Belgium,2
HH2111009,Belgium,1
HH2111010,Belgium,1
HH2111011,Belgium,1
HH2111109,Belgium,2
HH2111110,Belgium,2
HH2111111,Belgium,2
HH2111209,Belgium,1
HH2111211,Belgium,1
HH2111309,Belgium,3
HH2111409,Belgium,2
HH2111410,Belgium,2
HH2111411,Belgium,2
HH2111509,Belgium,1
HH2111609,Belgium,4
HH2111611,Belgium,4
HH2111809,Belgium,1
HH2111811,Belgium,1
HH2111909,Belgium,2
HH2111911,Belgium,2
HH2112009,Belgium,4
HH2112011,Belgium,4
HH2112109,Belgium,1
HH2112111,Belgium,1
HH2112209,Belgium,3
HH2112210,Belgium,3
HH2112211,Belgium,3
HH2112309,Belgium,1
HH2112311,Belgium,1
HH2112409,Belgium,1
HH2112410,Belgium,1
HH2112411,Belgium,1
HH2112509,Belgium,5
HH2112510,Belgium,5
HH2112511,Belgium,5
HH2112609,Belgium,1
HH2112610,Belgium,1
HH2112611,Belgium,1
HH2112809,Belgium,2
HH2112810,Belgium,2
HH2112811,Belgium,1
HH2112909,Belgium,1
HH2112911,Belgium,1
HH2113109,Belgium,5
HH2113209,Belgium,1
HH2113210,Belgium,1
HH2113211,Belgium,1
HH2113309,Belgium,4
HH2113409,Belgium,4
HH2113410,Belgium,4
HH2113411,Belgium,4
HH2113509,Belgium,1
HH2113510,Belgium,1
HH2113511,Belgium,1
HH2113609,Belgium,2
HH2113611,Belgium,2
HH2113709,Belgium,1
HH2113711,Belgium,1
HH2113809,Belgium,2
HH2113810,Belgium,2
HH2113909,Belgium,8
HH2114009,Belgium,2
HH2114010,Belgium,2
HH2114011,Belgium,2
HH2114109,Belgium,3
HH2114110,Belgium,3
HH2114111,Belgium,3
HH2114209,Belgium,2
HH2114211,Belgium,2
HH2114409,Belgium,2
HH2114509,Belgium,3
HH2114609,Belgium,4
HH2114709,Belgium,1
HH2114710,Belgium,1
HH2114711,Belgium,1
HH2114909,Belgium,1
HH2114911,Belgium,1
HH2115009,Belgium,2
HH2115109,Belgium,3
HH2115111,Belgium,3
HH2115409,Belgium,3
HH2115410,Belgium,3
HH2115509,Belgium,2
HH2115609,Belgium,5
HH2115611,Belgium,5
HH2115709,Belgium,2
HH2115711,Belgium,2
HH2115809,Belgium,1
HH2115811,Belgium,1
HH2116109,Belgium,3
HH2116209,Belgium,2
HH2116211,Belgium,2
HH2116309,Belgium,2
HH2116310,Belgium,2
HH2116409,Belgium,3
HH2116410,Belgium,3
HH2116411,Belgium,3
HH2116509,Belgium,4
HH2116510,Belgium,4
HH2116511,Belgium,4
HH2116609,Belgium,3
HH2116610,Belgium,3
HH2116611,Belgium,3
HH2116709,Belgium,2
HH2116711,Belgium,2
HH2116809,Belgium,3
HH2116811,Belgium,3
HH2116909,Belgium,2
HH2116910,Belgium,2
HH2116911,Belgium,2
HH2117009,Belgium,3
HH2117010,Belgium,3
HH2117109,Belgium,3
HH2117110,Belgium,3
HH2117111,Belgium,3
HH2117209,Belgium,3
HH2117211,Belgium,3
HH2117309,Belgium,2
HH2117310,Belgium,2
HH2117311,Belgium,2
HH2117409,Belgium,1
HH2117410,Belgium,1
HH2117411,Belgium,1
HH2117609,Belgium,3
HH2117809,Belgium,4
HH2117811,Belgium,4
HH2118009,Belgium,1
HH2118010,Belgium,1
HH2118011,Belgium,1
HH2118109,Belgium,1
HH2118110,Belgium,1
HH2118111,Belgium,1
HH2118209,Belgium,1
HH2118210,Belgium,1
HH2118211,Belgium,1
HH2118309,Belgium,2
HH2118311,Belgium,2
HH2118509,Belgium,4
HH2118609,Belgium,1
HH2118610,Belgium,1
HH2118611,Belgium,1
HH2118709,Belgium,2
HH2118710,Belgium,2
HH2118711,Belgium,2
HH2118809,Belgium,4
HH2118909,Belgium,2
HH2118911,Belgium,2
HH2119209,Belgium,4
HH2119211,Belgium,4
HH2119309,Belgium,4
HH2119409,Belgium,3
HH2119609,Belgium,3
HH2119610,Belgium,3
HH2119611,Belgium,3
HH2119709,Belgium,4
HH2119710,Belgium,4
HH2120209,Belgium,2
HH2120211,Belgium,2
HH2120409,Belgium,1
HH2120509,Belgium,5
HH2120609,Belgium,3
HH2120610,Belgium,3
HH2120611,Belgium,3
HH2120809,Belgium,8
HH2120909,Belgium,1
HH2120910,Belgium,1
HH2120911,Belgium,1
HH2121109,Belgium,2
HH2121309,Belgium,1
HH2121409,Belgium,2
HH2121509,Belgium,4
HH2121609,Belgium,2
HH2121610,Belgium,2
HH2121611,Belgium,2
HH2121709,Belgium,3
HH2121711,Belgium,3
HH2121809,Belgium,4
HH2121811,Belgium,4
HH2121909,Belgium,2
HH2121911,Belgium,2
HH2122009,Belgium,3
HH2122109,Belgium,2
HH2122110,Belgium,2
HH2122209,Belgium,4
HH2122409,Belgium,2
HH2122410,Belgium,2
HH2122411,Belgium,2
HH2122709,Belgium,2
HH2122710,Belgium,2
HH2122711,Belgium,2
HH2122809,Belgium,1
HH2122810,Belgium,1
HH2122811,Belgium,1
HH2123109,Belgium,3
HH2123110,Belgium,3
HH2123111,Belgium,3
HH2123209,Belgium,3
HH2123210,Belgium,3
HH2123211,Belgium,3
HH2123309,Belgium,2
HH2123310,Belgium,2
HH2123311,Belgium,2
HH2123409,Belgium,2
HH2123411,Belgium,2
HH2123609,Belgium,1
HH2123610,Belgium,1
HH2123611,Belgium,1
HH2123709,Belgium,1
HH2123711,Belgium,1
HH2123809,Belgium,7
HH2123811,Belgium,7
HH2123909,Belgium,3
HH2123911,Belgium,3
HH2124009,Belgium,4
HH2124010,Belgium,4
HH2124011,Belgium,4
HH2124109,Belgium,2
HH2124409,Belgium,2
HH2124411,Belgium,2
HH2124509,Belgium,2
HH2124609,Belgium,3
HH2124709,Belgium,2
HH2124711,Belgium,2
HH2124809,Belgium,1
HH2124909,Belgium,3
HH2124911,Belgium,3
HH2125009,Belgium,4
HH2125010,Belgium,4
HH2125109,Belgium,1
HH2125110,Belgium,1
HH2125111,Belgium,1
HH2125209,Belgium,1
HH2125211,Belgium,1
HH2125409,Belgium,2
HH2125509,Belgium,3
HH2125510,Belgium,3
HH2125609,Belgium,3
HH2125611,Belgium,3
HH2125809,Belgium,1
HH2125811,Belgium,1
HH2125909,Belgium,3
HH2125910,Belgium,3
HH2125911,Belgium,3
HH2126009,Belgium,1
HH2126010,Belgium,1
HH2126011,Belgium,1
HH2126109,Belgium,3
HH2126110,Belgium,3
HH2126409,Belgium,2
HH2126410,Belgium,2
HH2126411,Belgium,2
HH2126509,Belgium,2
HH2126510,Belgium,2
HH2126511,Belgium,2
HH2126609,Belgium,2
HH2126611,Belgium,2
HH2126709,Belgium,1
HH2126711,Belgium,1
HH2126909,Belgium,3
HH2126910,Belgium,3
HH2126911,Belgium,3
HH2127009,Belgium,2
HH2127011,Belgium,2
HH2127109,Belgium,3
HH2127110,Belgium,3
HH2127111,Belgium,3
HH2127209,Belgium,1
HH2127211,Belgium,1
HH2127409,Belgium,4
HH2127410,Belgium,4
HH2127411,Belgium,4
HH2127509,Belgium,2
HH2127510,Belgium,2
HH2127809,Belgium,1
HH2127909,Belgium,2
HH2127910,Belgium,2
HH2127911,Belgium,2
HH2128009,Belgium,2
HH2128011,Belgium,2
HH2128109,Belgium,1
HH2128209,Belgium,2
HH2128211,Belgium,2
HH2128309,Belgium,3
HH2128310,Belgium,3
HH2128409,Belgium,6
HH2128509,Belgium,2
HH2128510,Belgium,2
HH2128709,Belgium,2
HH2128711,Belgium,2
HH2128909,Belgium,2
HH2128911,Belgium,2
HH2129009,Belgium,1
HH2129109,Belgium,2
HH2129111,Belgium,2
HH2129209,Belgium,1
HH2129210,Belgium,1
HH2129211,Belgium,1
HH2129309,Belgium,2
HH2129509,Belgium,2
HH2129510,Belgium,2
HH2129609,Belgium,1
HH2129709,Belgium,1
HH2129710,Belgium,1
HH2129809,Belgium,4
HH2129909,Belgium,2
HH2129911,Belgium,2
HH2130009,Belgium,4
HH2130011,Belgium,4
HH2130109,Belgium,2
HH2130110,Belgium,2
HH2130111,Belgium,2
HH2130209,Belgium,3
HH2130609,Belgium,1
HH2130611,Belgium,1
HH2130709,Belgium,4
HH2130809,Belgium,1
HH2130810,Belgium,1
HH2130811,Belgium,1
HH2130909,Belgium,2
HH2130911,Belgium,2
HH2131109,Belgium,1
HH2131111,Belgium,1
HH2131209,Belgium,3
HH2131210,Belgium,3
HH2131211,Belgium,3
HH2131309,Belgium,2
HH2131310,Belgium,2
HH2131311,Belgium,2
HH2131409,Belgium,2
HH2131410,Belgium,2
HH2131411,Belgium,2
HH2131509,Belgium,1
HH2131510,Belgium,1
HH2131511,Belgium,1
HH2131609,Belgium,1
HH2131709,Belgium,4
HH2131711,Belgium,4
HH2132109,Belgium,2
HH2132110,Belgium,2
HH2132111,Belgium,2
HH2132209,Belgium,1
HH2132210,Belgium,1
HH2132211,Belgium,1
HH2132309,Belgium,4
HH2132311,Belgium,4
HH2132409,Belgium,3
HH2132410,Belgium,3
HH2132509,Belgium,2
HH2132510,Belgium,2
HH2132511,Belgium,2
HH2132609,Belgium,2
HH2132610,Belgium,2
HH2133109,Belgium,1
HH2133209,Belgium,1
HH2133211,Belgium,1
HH2133409,Belgium,3
HH2133509,Belgium,3
HH2133609,Belgium,2
HH2133610,Belgium,2
HH2133611,Belgium,2
HH2133709,Belgium,2
HH2134109,Belgium,5
HH2134110,Belgium,5
HH2134111,Belgium,5
HH2134509,Belgium,4
HH2134709,Belgium,1
HH2134909,Belgium,1
HH2134910,Belgium,1
HH2134911,Belgium,1
HH2135009,Belgium,7
HH2135011,Belgium,7
HH2135509,Belgium,1
HH2135510,Belgium,1
HH2135511,Belgium,1
HH2135609,Belgium,1
HH2135610,Belgium,1
HH2135611,Belgium,1
HH2135709,Belgium,1
HH2135710,Belgium,1
HH2135711,Belgium,1
HH2135909,Belgium,1
HH2135910,Belgium,1
HH2135911,Belgium,1
HH2136109,Belgium,2
HH2136209,Belgium,1
HH2136210,Belgium,1
HH2136211,Belgium,1
HH2136409,Belgium,2
HH2136411,Belgium,2
HH2137209,Belgium,5
HH2137409,Belgium,3
HH2137410,Belgium,3
HH2137509,Belgium,1
HH2137511,Belgium,1
HH2137709,Belgium,1
HH2137710,Belgium,1
HH2137711,Belgium,1
HH2137809,Belgium,4
HH2137909,Belgium,2
HH2137910,Belgium,2
HH2137911,Belgium,2
HH2138009,Belgium,3
HH2138010,Belgium,3
HH2138011,Belgium,3
HH2138109,Belgium,1
HH2138110,Belgium,1
HH2138111,Belgium,1
HH2138209,Belgium,2
HH2138211,Belgium,2
HH2138309,Belgium,1
HH2138409,Belgium,5
HH2138411,Belgium,5
HH2138509,Belgium,5
HH2138609,Belgium,2
HH2138611,Belgium,2
HH2138709,Belgium,1
HH2138710,Belgium,1
HH2138711,Belgium,1
HH2138809,Belgium,4
HH2138811,Belgium,4
HH2138909,Belgium,1
HH2138910,Belgium,1
HH2138911,Belgium,1
HH2139009,Belgium,2
HH2139109,Belgium,3
HH2139111,Belgium,3
HH2139209,Belgium,2
HH2139309,Belgium,1
HH2139409,Belgium,1
HH2139410,Belgium,1
HH2139411,Belgium,1
HH2139509,Belgium,1
HH2139510,Belgium,1
HH2139511,Belgium,1
HH2139609,Belgium,1
HH2139809,Belgium,1
HH2140109,Belgium,5
HH2140209,Belgium,1
HH2140309,Belgium,3
HH2140409,Belgium,2
HH2140410,Belgium,2
HH2140411,Belgium,2
HH2140509,Belgium,3
HH2140609,Belgium,1
HH2140611,Belgium,1
HH2140709,Belgium,3
HH2140710,Belgium,3
HH2140711,Belgium,3
HH2140809,Belgium,3
HH2140810,Belgium,3
HH2140811,Belgium,3
HH2140909,Belgium,3
HH2140911,Belgium,3
HH2141109,Belgium,1
HH2141110,Belgium,1
HH2141111,Belgium,1
HH2141209,Belgium,4
HH2141211,Belgium,4
HH2141309,Belgium,2
HH2141310,Belgium,2
HH2141311,Belgium,2
HH2141409,Belgium,1
HH2141410,Belgium,1
HH2141411,Belgium,1
HH2141609,Belgium,2
HH2141611,Belgium,2
HH2141809,Belgium,2
HH2141811,Belgium,2
HH2141909,Belgium,2
HH2142009,Belgium,4
HH2142011,Belgium,4
HH2142109,Belgium,3
HH2142110,Belgium,3
HH2142111,Belgium,3
HH2142209,Belgium,4
HH2142309,Belgium,2
HH2142310,Belgium,2
HH2142311,Belgium,2
HH2142509,Belgium,1
HH2142510,Belgium,1
HH2142511,Belgium,1
HH2142909,Belgium,4
HH2142910,Belgium,4
HH2142911,Belgium,4
HH2143009,Belgium,2
HH2143010,Belgium,2
HH2143011,Belgium,2
HH2143109,Belgium,1
HH2143110,Belgium,1
HH2143209,Belgium,1
HH2143509,Belgium,3
HH2143609,Belgium,2
HH2143611,Belgium,2
HH2144009,Belgium,1
HH2144010,Belgium,1
HH2144011,Belgium,1
HH2144209,Belgium,1
HH2144210,Belgium,1
HH2144211,Belgium,1
HH2144309,Belgium,1
HH2144310,Belgium,1
HH2144311,Belgium,1
HH2144409,Belgium,2
HH2144410,Belgium,2
HH2144411,Belgium,2
HH2144509,Belgium,3
HH2144510,Belgium,3
HH2144511,Belgium,3
HH2144609,Belgium,6
HH2144610,Belgium,6
HH2144611,Belgium,6
HH2144709,Belgium,2
HH2144710,Belgium,2
HH2144809,Belgium,3
HH2144810,Belgium,3
HH2144811,Belgium,3
HH2144909,Belgium,1
HH2145009,Belgium,1
HH2145109,Belgium,2
HH2145111,Belgium,2
HH2145209,Belgium,1
HH2145210,Belgium,1
HH2145211,Belgium,1
HH2145309,Belgium,2
HH2145409,Belgium,2
HH2145509,Belgium,1
HH2145511,Belgium,1
HH2145609,Belgium,2
HH2145611,Belgium,2
HH2145709,Belgium,1
HH2145710,Belgium,1
HH2145809,Belgium,1
HH2145810,Belgium,1
HH2145811,Belgium,1
HH2145909,Belgium,2
HH2146009,Belgium,3
HH2146010,Belgium,3
HH2146011,Belgium,3
HH2146109,Belgium,2
HH2146110,Belgium,2
HH2146111,Belgium,2
HH2146209,Belgium,1
HH2146210,Belgium,1
HH2146211,Belgium,1
HH2146409,Belgium,2
HH2146509,Belgium,2
HH2146609,Belgium,3
HH2146610,Belgium,3
HH2146709,Belgium,2
HH2146710,Belgium,2
HH2146711,Belgium,2
HH2147009,Belgium,1
HH2147209,Belgium,1
HH2147709,Belgium,2
HH2147710,Belgium,2
HH2147711,Belgium,2
HH2147809,Belgium,2
HH2147810,Belgium,2
HH2147811,Belgium,2
HH2147909,Belgium,2
HH2148009,Belgium,4
HH2148011,Belgium,4
HH2148109,Belgium,3
HH2148110,Belgium,3
HH2148111,Belgium,3
HH2148209,Belgium,1
HH2148210,Belgium,1
HH2148309,Belgium,2
HH2148310,Belgium,2
HH2148311,Belgium,2
HH2148409,Belgium,2
HH2148410,Belgium,2
HH2148411,Belgium,2
HH2148509,Belgium,1
HH2148510,Belgium,1
HH2148609,Belgium,1
HH2148610,Belgium,1
HH2148611,Belgium,1
HH2148709,Belgium,1
HH2148710,Belgium,1
HH2148809,Belgium,3
HH2148810,Belgium,3
HH2148811,Belgium,3
HH2148909,Belgium,2
HH2148910,Belgium,2
HH2148911,Belgium,2
HH2149009,Belgium,5
HH2149109,Belgium,3
HH2149110,Belgium,3
HH2149209,Belgium,1
HH2149210,Belgium,1
HH2149211,Belgium,1
HH2149309,Belgium,2
HH2149311,Belgium,2
HH2149409,Belgium,1
HH2149411,Belgium,1
HH2149509,Belgium,3
HH2149510,Belgium,3
HH2149511,Belgium,3
HH2149609,Belgium,4
HH2149709,Belgium,1
HH2149710,Belgium,1
HH2149711,Belgium,1
HH2149809,Belgium,2
HH2149909,Belgium,3
HH2149910,Belgium,3
HH2149911,Belgium,3
HH2150009,Belgium,2
HH2150410,Belgium,2
HH2150510,Belgium,1
HH2150610,Belgium,2
HH2150710,Belgium,2
HH2150810,Belgium,2
HH2150910,Belgium,4
HH2151010,Belgium,2
HH2151110,Belgium,1
HH2151210,Belgium,1
HH2151310,Belgium,2
HH2151410,Belgium,2
HH2151510,Belgium,2
HH2151610,Belgium,1
HH2151710,Belgium,1
HH2151810,Belgium,2
HH2151910,Belgium,2
HH2152010,Belgium,3
HH2152110,Belgium,2
HH2152210,Belgium,5
HH2152310,Belgium,2
HH2152410,Belgium,2
HH2152510,Belgium,3
HH2152610,Belgium,1
HH2152710,Belgium,2
HH2152810,Belgium,1
HH2152910,Belgium,4
HH2153010,Belgium,4
HH2153110,Belgium,5
HH2153210,Belgium,4
HH2153310,Belgium,3
HH2153410,Belgium,5
HH2153510,Belgium,5
HH2153610,Belgium,1
HH2153710,Belgium,2
HH2153810,Belgium,3
HH2153910,Belgium,2
HH2154010,Belgium,3
HH2154110,Belgium,2
HH2154210,Belgium,2
HH2154310,Belgium,1
HH2154410,Belgium,1
HH2154510,Belgium,4
HH2154610,Belgium,1
HH2154710,Belgium,2
HH2154810,Belgium,2
HH2154910,Belgium,2
HH2155010,Belgium,5
HH2155110,Belgium,3
HH2155210,Belgium,3
HH2155310,Belgium,3
HH2155410,Belgium,4
HH2155510,Belgium,3
HH2155610,Belgium,5
HH2155710,Belgium,2
HH2155810,Belgium,2
HH2155910,Belgium,3
HH2156010,Belgium,2
HH2156110,Belgium,1
HH2156210,Belgium,3
HH2156310,Belgium,4
HH2156410,Belgium,2
HH2156510,Belgium,7
HH2156610,Belgium,2
HH2156810,Belgium,1
HH2157210,Belgium,2
HH2157310,Belgium,5
HH2157410,Belgium,3
HH2157610,Belgium,5
HH2157710,Belgium,2
HH2157810,Belgium,4
HH2158010,Belgium,2
HH2158110,Belgium,2
HH2158210,Belgium,2
HH2158310,Belgium,4
HH2158410,Belgium,1
HH2158610,Belgium,5
HH2158910,Belgium,2
HH2159010,Belgium,4
HH2159110,Belgium,2
HH2159210,Belgium,2
HH2159710,Belgium,7
HH2159910,Belgium,3
HH2160210,Belgium,5
HH2160310,Belgium,3
HH2160510,Belgium,4
HH2160610,Belgium,4
HH2160710,Belgium,7
HH2160910,Belgium,4
HH2161010,Belgium,3
HH2161110,Belgium,1
HH2161210,Belgium,2
HH2161410,Belgium,3
HH2161610,Belgium,2
HH2161710,Belgium,3
HH2161810,Belgium,1
HH2161910,Belgium,4
HH2162010,Belgium,6
HH2162110,Belgium,4
HH2162310,Belgium,4
HH2162410,Belgium,4
HH2162510,Belgium,2
HH2162610,Belgium,6
HH2162710,Belgium,4
HH2162810,Belgium,6
HH2162910,Belgium,2
HH2163010,Belgium,5
HH2163110,Belgium,2
HH2163310,Belgium,1
HH2163410,Belgium,2
HH2163510,Belgium,2
HH2163610,Belgium,3
HH2163710,Belgium,4
HH2163810,Belgium,1
HH2163910,Belgium,4
HH2164010,Belgium,2
HH2164610,Belgium,2
HH2165010,Belgium,2
HH2167010,Belgium,2
HH2167510,Belgium,2
HH2167710,Belgium,2
HH2168810,Belgium,2
HH2169010,Belgium,1
HH2169210,Belgium,2
HH2169310,Belgium,2
HH2169410,Belgium,4
HH2169510,Belgium,2
HH2169610,Belgium,2
HH2169710,Belgium,1
HH2169810,Belgium,1
HH2169910,Belgium,1
HH2170010,Belgium,2
HH2170110,Belgium,1
HH2170210,Belgium,3
HH2170310,Belgium,1
HH2170410,Belgium,4
HH2170510,Belgium,3
HH2170610,Belgium,2
HH2170710,Belgium,2
HH2170810,Belgium,2
HH2170910,Belgium,2
HH2171010,Belgium,2
HH2171110,Belgium,3
HH2171210,Belgium,2
HH2171310,Belgium,1
HH2171410,Belgium,1
HH2171510,Belgium,2
HH2171610,Belgium,2
HH2171710,Belgium,1
HH2171810,Belgium,2
HH2171910,Belgium,2
HH2172010,Belgium,3
HH2172110,Belgium,2
HH2172310,Belgium,2
HH2172410,Belgium,1
HH2172510,Belgium,1
HH2172610,Belgium,2
HH2172710,Belgium,1
HH2172810,Belgium,1
HH2172910,Belgium,3
HH2173010,Belgium,1
HH2173110,Belgium,4
HH2173210,Belgium,3
HH2173310,Belgium,2
HH2173410,Belgium,2
HH2173510,Belgium,6
HH2173610,Belgium,4
HH2173710,Belgium,3
HH2173810,Belgium,2
HH2173910,Belgium,1
HH2174010,Belgium,2
HH2174110,Belgium,1
HH2174210,Belgium,1
HH2174310,Belgium,1
HH2174410,Belgium,1
HH2174510,Belgium,2
HH2174610,Belgium,2
HH2174710,Belgium,5
HH2174810,Belgium,2
HH2174910,Belgium,4
HH2175010,Belgium,2
HH2175110,Belgium,2
HH2175210,Belgium,1
HH2175310,Belgium,4
HH2175410,Belgium,3
HH2175510,Belgium,1
HH2175710,Belgium,2
HH2175810,Belgium,5
HH2175910,Belgium,2
HH2176010,Belgium,4
HH2176110,Belgium,2
HH2176210,Belgium,3
HH2176310,Belgium,4
HH2176410,Belgium,5
HH2176510,Belgium,3
HH2176710,Belgium,4
HH2176910,Belgium,3
HH2177010,Belgium,2
HH2177310,Belgium,1
HH2177410,Belgium,4
HH2177510,Belgium,3
HH2177610,Belgium,2
HH2177710,Belgium,3
HH2177810,Belgium,2
HH2177910,Belgium,2
HH2178010,Belgium,4
HH2178110,Belgium,1
HH2178210,Belgium,2
HH2178410,Belgium,2
HH2178510,Belgium,2
HH2178610,Belgium,5
HH2178710,Belgium,5
HH2178810,Belgium,1
HH2178910,Belgium,1
HH2179010,Belgium,2
HH2179110,Belgium,4
HH2179210,Belgium,2
HH2179310,Belgium,5
HH2179410,Belgium,1
HH2179510,Belgium,2
HH2179610,Belgium,2
HH2179710,Belgium,2
HH2179810,Belgium,4
HH2179910,Belgium,2
HH2180010,Belgium,2
HH2180110,Belgium,3
HH2180210,Belgium,5
HH2180310,Belgium,3
HH2180410,Belgium,3
HH2180510,Belgium,1
HH2180610,Belgium,2
HH2180710,Belgium,1
HH2180810,Belgium,2
HH2181110,Belgium,2
HH2181210,Belgium,3
HH2181310,Belgium,2
HH2181510,Belgium,1
HH2181710,Belgium,3
HH2181810,Belgium,1
HH2181910,Belgium,2
HH2182010,Belgium,2
HH2182210,Belgium,3
HH2182310,Belgium,1
HH2182410,Belgium,2
HH2182610,Belgium,2
HH2182710,Belgium,2
HH2182810,Belgium,2
HH2182910,Belgium,1
HH2183010,Belgium,1
HH2183210,Belgium,2
HH2183410,Belgium,1
HH2183510,Belgium,2
HH2183710,Belgium,2
HH2183810,Belgium,1
HH2183910,Belgium,1
HH2184010,Belgium,4
HH2184210,Belgium,3
HH2184310,Belgium,2
HH2184410,Belgium,1
HH2184610,Belgium,2
HH2184710,Belgium,5
HH2184810,Belgium,3
HH2184910,Belgium,4
HH2185010,Belgium,2
HH2185110,Belgium,3
HH2185210,Belgium,5
HH2185410,Belgium,2
HH2188911,Belgium,3
HH2189111,Belgium,2
HH2189211,Belgium,3
HH2189411,Belgium,2
HH2189511,Belgium,2
HH2189611,Belgium,6
HH2189711,Belgium,2
HH2189811,Belgium,4
HH2189911,Belgium,1
HH2190011,Belgium,6
HH2190111,Belgium,2
HH2190211,Belgium,3
HH2190311,Belgium,3
HH2190411,Belgium,1
HH2190611,Belgium,1
HH2190811,Belgium,1
HH2190911,Belgium,2
HH2191011,Belgium,2
HH2191111,Belgium,1
HH2191211,Belgium,2
HH2191311,Belgium,2
HH2191411,Belgium,5
HH2191511,Belgium,2
HH2191611,Belgium,1
HH2191911,Belgium,2
HH2192011,Belgium,2
HH2192211,Belgium,2
HH2192311,Belgium,1
HH2192411,Belgium,3
HH2192511,Belgium,2
HH2192711,Belgium,5
HH2192911,Belgium,2
HH2193011,Belgium,2
HH2193111,Belgium,1
HH2193211,Belgium,5
HH2193311,Belgium,2
HH2193411,Belgium,2
HH2193511,Belgium,2
HH2193611,Belgium,3
HH2193711,Belgium,1
HH2193811,Belgium,2
HH2193911,Belgium,2
HH2194011,Belgium,4
HH2194111,Belgium,2
HH2194211,Belgium,2
HH2194411,Belgium,2
HH2194511,Belgium,2
HH2194611,Belgium,1
HH2194711,Belgium,1
HH2194911,Belgium,3
HH2195011,Belgium,2
HH2195111,Belgium,2
HH2195211,Belgium,4
HH2195711,Belgium,1
HH2195811,Belgium,3
HH2195911,Belgium,2
HH2196011,Belgium,1
HH2196111,Belgium,2
HH2196311,Belgium,1
HH2196411,Belgium,4
HH2196711,Belgium,2
HH2196811,Belgium,1
HH2196911,Belgium,2
HH2197011,Belgium,2
HH2197111,Belgium,2
HH2197211,Belgium,1
HH3001909,Belgium,3
HH3001911,Belgium,3
HH3002109,Belgium,3
HH3002110,Belgium,3
HH3002111,Belgium,3
HH3002209,Belgium,4
HH3002210,Belgium,4
HH3002211,Belgium,4
HH3002309,Belgium,4
HH3002311,Belgium,3
HH3002409,Belgium,3
HH3002509,Belgium,5
HH3002511,Belgium,5
HH3002709,Belgium,5
HH3002710,Belgium,5
HH3005209,Belgium,5
HH3005211,Belgium,5
HH3005709,Belgium,3
HH3005711,Belgium,3
HH3006209,Belgium,3
HH3006211,Belgium,3
HH3006709,Belgium,5
HH3007209,Belgium,4
HH3007211,Belgium,4
HH3007509,Belgium,4
HH3007510,Belgium,4
HH3007511,Belgium,4
HH3007809,Belgium,5
HH3008409,Belgium,4
HH3008411,Belgium,4
HH3011709,Belgium,4
HH3011711,Belgium,4
HH3011809,Belgium,4
HH3011810,Belgium,4
HH3011811,Belgium,4
HH3012209,Belgium,4
HH3012210,Belgium,4
HH3012211,Belgium,4
HH3014609,Belgium,4
HH3014610,Belgium,4
HH3014611,Belgium,4
HH3015309,Belgium,5
HH3015311,Belgium,5
HH3015709,Belgium,3
HH3015711,Belgium,3
HH3016709,Belgium,4
HH3016711,Belgium,4
HH3017309,Belgium,4
HH3018209,Belgium,4
HH3018211,Belgium,4
HH3019209,Belgium,4
HH3020009,Belgium,3
HH3020109,Belgium,4
HH3020110,Belgium,4
HH3020111,Belgium,4
HH3020609,Belgium,4
HH3022409,Belgium,2
HH3022410,Belgium,2
HH3022411,Belgium,2
HH3023209,Belgium,4
HH3023210,Belgium,4
HH3023211,Belgium,4
HH3024509,Belgium,3
HH3026109,Belgium,4
HH3026110,Belgium,4
HH3026209,Belgium,4
HH3026210,Belgium,4
HH3027909,Belgium,4
HH3027910,Belgium,4
HH3027911,Belgium,4
HH3028009,Belgium,4
HH3030309,Belgium,4
HH3030311,Belgium,4
HH3030509,Belgium,4
HH3030510,Belgium,4
HH3030511,Belgium,4
HH3032809,Belgium,4
HH3032811,Belgium,4
HH3032909,Belgium,3
HH3032911,Belgium,3
HH3034509,Belgium,3
HH3034510,Belgium,3
HH3034511,Belgium,3
HH3035209,Belgium,4
HH3035309,Belgium,2
HH3035311,Belgium,2
HH3037009,Belgium,5
HH3037209,Belgium,4
HH3037211,Belgium,4
HH3038609,Belgium,3
HH3038611,Belgium,3
HH3040509,Belgium,4
HH3040511,Belgium,4
HH3040809,Belgium,4
HH3040810,Belgium,4
HH3040811,Belgium,4
HH3041209,Belgium,4
HH3041211,Belgium,4
HH3041709,Belgium,3
HH3041710,Belgium,3
HH3041711,Belgium,3
HH3041809,Belgium,4
HH3041810,Belgium,4
HH3042009,Belgium,3
HH3042109,Belgium,3
HH3042110,Belgium,3
HH3042111,Belgium,3
HH3042709,Belgium,4
HH3042711,Belgium,4
HH3043109,Belgium,4
HH3043110,Belgium,4
HH3043111,Belgium,4
HH3043909,Belgium,3
HH3043910,Belgium,3
HH3043911,Belgium,3
HH3044309,Belgium,4
HH3044311,Belgium,4
HH3045609,Belgium,3
HH3045809,Belgium,4
HH3045811,Belgium,4
HH3045909,Belgium,3
HH3045911,Belgium,3
HH3046409,Belgium,3
HH3047009,Belgium,4
HH3047010,Belgium,4
HH3047709,Belgium,4
HH3047711,Belgium,4
HH3047809,Belgium,2
HH3049409,Belgium,5
HH3049410,Belgium,5
HH3049411,Belgium,5
HH3049509,Belgium,3
HH3049511,Belgium,3
HH3049609,Belgium,3
HH3049610,Belgium,3
HH3049709,Belgium,3
HH3049710,Belgium,3
HH3049711,Belgium,3
HH3049809,Belgium,2
HH3049810,Belgium,2
HH3049811,Belgium,2
HH3049909,Belgium,3
HH3049910,Belgium,3
HH3049911,Belgium,3
HH3050009,Belgium,5
HH3050109,Belgium,3
HH3050209,Belgium,4
HH3050309,Belgium,4
HH3050310,Belgium,4
HH3050509,Belgium,2
HH3050511,Belgium,2
HH3050609,Belgium,3
HH3050610,Belgium,3
HH3050611,Belgium,3
HH3050709,Belgium,5
HH3050711,Belgium,5
HH3050909,Belgium,4
HH3050910,Belgium,4
HH3050911,Belgium,4
HH3051109,Belgium,4
HH3051110,Belgium,4
HH3051111,Belgium,4
HH3051209,Belgium,3
HH3051210,Belgium,3
HH3051211,Belgium,3
HH3051409,Belgium,4
HH3051411,Belgium,4
HH3051509,Belgium,3
HH3051511,Belgium,3
HH3051609,Belgium,4
HH3051611,Belgium,4
HH3051709,Belgium,5
HH3051711,Belgium,5
HH3051909,Belgium,4
HH3051910,Belgium,4
HH3051911,Belgium,4
HH3052109,Belgium,4
HH3052110,Belgium,4
HH3052111,Belgium,4
HH3052209,Belgium,3
HH3052210,Belgium,3
HH3052211,Belgium,3
HH3052309,Belgium,5
HH3052409,Belgium,4
HH3052410,Belgium,4
HH3052411,Belgium,4
HH3052509,Belgium,4
HH3052511,Belgium,4
HH3052609,Belgium,4
HH3052610,Belgium,4
HH3052611,Belgium,4
HH3052709,Belgium,5
HH3052711,Belgium,5
HH3052909,Belgium,5
HH3052910,Belgium,5
HH3052911,Belgium,5
HH3053009,Belgium,4
HH3053010,Belgium,4
HH3053011,Belgium,4
HH3053109,Belgium,4
HH3053110,Belgium,4
HH3053111,Belgium,4
HH3053309,Belgium,3
HH3053310,Belgium,3
HH3053311,Belgium,3
HH3053409,Belgium,2
HH3053410,Belgium,2
HH3053411,Belgium,2
HH3053509,Belgium,4
HH3053511,Belgium,4
HH3053609,Belgium,4
HH3053709,Belgium,3
HH3053710,Belgium,3
HH3053711,Belgium,3
HH3053809,Belgium,2
HH3053909,Belgium,4
HH3053910,Belgium,4
HH3053911,Belgium,4
HH3054009,Belgium,4
HH3054011,Belgium,4
HH3054309,Belgium,5
HH3054310,Belgium,5
HH3054311,Belgium,5
HH3054409,Belgium,3
HH3054509,Belgium,2
HH3054511,Belgium,2
HH3054609,Belgium,3
HH3054610,Belgium,3
HH3054611,Belgium,3
HH3054709,Belgium,5
HH3054710,Belgium,5
HH3054711,Belgium,5
HH3054809,Belgium,4
HH3054810,Belgium,4
HH3054811,Belgium,4
HH3054909,Belgium,4
HH3054910,Belgium,4
HH3054911,Belgium,4
HH3055009,Belgium,3
HH3055010,Belgium,3
HH3055109,Belgium,4
HH3055111,Belgium,4
HH3055209,Belgium,3
HH3055211,Belgium,3
HH3055409,Belgium,3
HH3055411,Belgium,3
HH3055609,Belgium,3
HH3055610,Belgium,3
HH3055611,Belgium,3
HH3055809,Belgium,5
HH3055811,Belgium,5
HH3055909,Belgium,3
HH3055910,Belgium,3
HH3055911,Belgium,3
HH3056009,Belgium,4
HH3056011,Belgium,4
HH3056109,Belgium,6
HH3056209,Belgium,4
HH3056210,Belgium,4
HH3056211,Belgium,4
HH3056309,Belgium,4
HH3056310,Belgium,4
HH3056311,Belgium,4
HH3056509,Belgium,5
HH3056510,Belgium,5
HH3056511,Belgium,5
HH3056609,Belgium,4
HH3056611,Belgium,4
HH3056809,Belgium,5
HH3056810,Belgium,5
HH3056811,Belgium,5
HH3056909,Belgium,3
HH3056910,Belgium,3
HH3059209,Belgium,4
HH3059210,Belgium,4
HH3059211,Belgium,4
HH3060109,Belgium,3
HH3060110,Belgium,3
HH3060111,Belgium,3
HH3060209,Belgium,3
HH3060210,Belgium,3
HH3060211,Belgium,3
HH3060409,Belgium,4
HH3060410,Belgium,4
HH3060411,Belgium,4
HH3062009,Belgium,3
HH3062010,Belgium,3
HH3062011,Belgium,3
HH3062409,Belgium,3
HH3062509,Belgium,2
HH3062510,Belgium,2
HH3062511,Belgium,2
HH3062909,Belgium,3
HH3063009,Belgium,3
HH3063010,Belgium,3
HH3063011,Belgium,3
HH3063809,Belgium,3
HH3063811,Belgium,3
HH3064209,Belgium,5
HH3064210,Belgium,5
HH3064211,Belgium,5
HH3064409,Belgium,4
HH3064410,Belgium,4
HH3064411,Belgium,4
HH3065609,Belgium,6
HH3065909,Belgium,2
HH3066009,Belgium,3
HH3066011,Belgium,3
HH3066109,Belgium,2
HH3066110,Belgium,2
HH3066209,Belgium,4
HH3066211,Belgium,4
HH3066309,Belgium,4
HH3066310,Belgium,4
HH3066311,Belgium,4
HH3066409,Belgium,3
HH3066410,Belgium,3
HH3066411,Belgium,3
HH3066509,Belgium,4
HH3066511,Belgium,4
HH3066609,Belgium,3
HH3066610,Belgium,3
HH3066611,Belgium,3
HH3066709,Belgium,3
HH3066809,Belgium,4
HH3066810,Belgium,4
HH3066811,Belgium,4
HH3066909,Belgium,4
HH3066910,Belgium,4
HH3066911,Belgium,4
HH3067009,Belgium,4
HH3067109,Belgium,4
HH3067110,Belgium,4
HH3067111,Belgium,4
HH3067209,Belgium,3
HH3067211,Belgium,3
HH3067309,Belgium,4
HH3067310,Belgium,4
HH3067409,Belgium,4
HH3067411,Belgium,4
HH3067509,Belgium,3
HH3067609,Belgium,4
HH3067610,Belgium,4
HH3067611,Belgium,4
HH3067709,Belgium,3
HH3067809,Belgium,4
HH3067810,Belgium,4
HH3067811,Belgium,4
HH3067909,Belgium,4
HH3067911,Belgium,4
HH3068009,Belgium,4
HH3068109,Belgium,6
HH3068111,Belgium,6
HH3068209,Belgium,3
HH3068211,Belgium,3
HH3068309,Belgium,3
HH3068311,Belgium,3
HH3068409,Belgium,5
HH3068411,Belgium,5
HH3068509,Belgium,4
HH3068510,Belgium,4
HH3068511,Belgium,4
HH3068609,Belgium,3
HH3068709,Belgium,4
HH3068710,Belgium,4
HH3068711,Belgium,4
HH3068809,Belgium,4
HH3068810,Belgium,4
HH3068811,Belgium,4
HH3068909,Belgium,4
HH3068911,Belgium,4
HH3069009,Belgium,3
HH3069010,Belgium,3
HH3069011,Belgium,3
HH3069109,Belgium,7
HH3069111,Belgium,7
HH3069209,Belgium,4
HH3070809,Belgium,4
HH3072609,Belgium,3
HH3075609,Belgium,3
HH3075610,Belgium,3
HH3075611,Belgium,3
HH3078109,Belgium,4
HH3078111,Belgium,4
HH3081509,Belgium,4
HH3081510,Belgium,4
HH3081511,Belgium,4
HH3083209,Belgium,4
HH3083211,Belgium,4
HH3085609,Belgium,2
HH3085610,Belgium,2
HH3085611,Belgium,2
HH3088109,Belgium,5
HH3088110,Belgium,5
HH3088111,Belgium,5
HH3088809,Belgium,4
HH3090009,Belgium,6
HH3090010,Belgium,6
HH3090011,Belgium,6
HH3090309,Belgium,3
HH3091309,Belgium,4
HH3091310,Belgium,4
HH3091409,Belgium,6
HH3091411,Belgium,6
HH3092909,Belgium,4
HH3092910,Belgium,4
HH3092911,Belgium,4
HH3094909,Belgium,4
HH3094910,Belgium,4
HH3096809,Belgium,4
HH3096810,Belgium,4
HH3096811,Belgium,4
HH3100609,Belgium,4
HH3100610,Belgium,4
HH3100611,Belgium,4
HH3100709,Belgium,3
HH3100710,Belgium,3
HH3100711,Belgium,3
HH3100809,Belgium,4
HH3100811,Belgium,4
HH3104809,Belgium,4
HH3105709,Belgium,4
HH3105711,Belgium,4
HH3106709,Belgium,4
HH3106710,Belgium,4
HH3106711,Belgium,4
HH3107809,Belgium,3
HH3108009,Belgium,5
HH3108010,Belgium,5
HH3108609,Belgium,4
HH3109309,Belgium,4
HH3109311,Belgium,4
HH3111709,Belgium,5
HH3111710,Belgium,5
HH3112709,Belgium,4
HH3113009,Belgium,4
HH3113010,Belgium,4
HH3114309,Belgium,3
HH3114809,Belgium,5
HH3115209,Belgium,3
HH3115211,Belgium,3
HH3115309,Belgium,4
HH3115310,Belgium,4
HH3115311,Belgium,4
HH3115909,Belgium,5
HH3115910,Belgium,5
HH3115911,Belgium,5
HH3116009,Belgium,4
HH3116010,Belgium,4
HH3116011,Belgium,4
HH3117509,Belgium,3
HH3117510,Belgium,3
HH3117511,Belgium,3
HH3117709,Belgium,5
HH3117711,Belgium,5
HH3117909,Belgium,2
HH3118409,Belgium,5
HH3118410,Belgium,5
HH3119009,Belgium,4
HH3119010,Belgium,4
HH3119109,Belgium,3
HH3119110,Belgium,3
HH3119111,Belgium,3
HH3119509,Belgium,3
HH3119809,Belgium,4
HH3119810,Belgium,4
HH3119811,Belgium,4
HH3119909,Belgium,4
HH3119911,Belgium,4
HH3120009,Belgium,3
HH3120010,Belgium,3
HH3120011,Belgium,3
HH3120109,Belgium,4
HH3120110,Belgium,4
HH3120111,Belgium,4
HH3120309,Belgium,3
HH3120709,Belgium,2
HH3120710,Belgium,2
HH3120711,Belgium,2
HH3121009,Belgium,4
HH3121209,Belgium,3
HH3121210,Belgium,3
HH3121211,Belgium,3
HH3122309,Belgium,4
HH3122509,Belgium,3
HH3122510,Belgium,3
HH3122511,Belgium,3
HH3122609,Belgium,4
HH3122610,Belgium,4
HH3122611,Belgium,4
HH3122909,Belgium,2
HH3123009,Belgium,5
HH3123010,Belgium,5
HH3123011,Belgium,5
HH3123509,Belgium,3
HH3124209,Belgium,3
HH3124210,Belgium,3
HH3124211,Belgium,3
HH3124309,Belgium,3
HH3124311,Belgium,3
HH3125309,Belgium,4
HH3125310,Belgium,4
HH3125311,Belgium,4
HH3125709,Belgium,6
HH3125710,Belgium,6
HH3125711,Belgium,6
HH3126209,Belgium,4
HH3126309,Belgium,3
HH3126310,Belgium,3
HH3126809,Belgium,4
HH3127309,Belgium,3
HH3127609,Belgium,4
HH3127709,Belgium,4
HH3128609,Belgium,4
HH3128610,Belgium,4
HH3128809,Belgium,5
HH3129409,Belgium,4
HH3130309,Belgium,3
HH3130310,Belgium,3
HH3130311,Belgium,3
HH3130409,Belgium,4
HH3130410,Belgium,4
HH3130411,Belgium,4
HH3130509,Belgium,4
HH3130510,Belgium,4
HH3130511,Belgium,4
HH3131009,Belgium,3
HH3131011,Belgium,3
HH3131809,Belgium,2
HH3131810,Belgium,2
HH3131811,Belgium,2
HH3131909,Belgium,5
HH3131910,Belgium,5
HH3131911,Belgium,5
HH3132009,Belgium,4
HH3132709,Belgium,2
HH3132809,Belgium,4
HH3132810,Belgium,4
HH3132811,Belgium,4
HH3132909,Belgium,4
HH3132910,Belgium,4
HH3132911,Belgium,4
HH3133009,Belgium,3
HH3133010,Belgium,3
HH3133011,Belgium,3
HH3133309,Belgium,4
HH3133809,Belgium,3
HH3133810,Belgium,3
HH3133811,Belgium,3
HH3133909,Belgium,6
HH3133911,Belgium,6
HH3134009,Belgium,5
HH3134010,Belgium,5
HH3134011,Belgium,5
HH3134209,Belgium,4
HH3134309,Belgium,3
HH3134310,Belgium,3
HH3134311,Belgium,3
HH3134409,Belgium,5
HH3134411,Belgium,5
HH3134609,Belgium,4
HH3134610,Belgium,4
HH3134611,Belgium,4
HH3134809,Belgium,6
HH3134810,Belgium,6
HH3134811,Belgium,6
HH3135109,Belgium,4
HH3135110,Belgium,4
HH3135111,Belgium,4
HH3135209,Belgium,4
HH3135211,Belgium,4
HH3135309,Belgium,4
HH3135310,Belgium,4
HH3135311,Belgium,4
HH3135409,Belgium,3
HH3135411,Belgium,3
HH3135809,Belgium,3
HH3135811,Belgium,3
HH3136009,Belgium,3
HH3136011,Belgium,3
HH3136309,Belgium,5
HH3136509,Belgium,5
HH3136609,Belgium,4
HH3136610,Belgium,4
HH3136611,Belgium,4
HH3136709,Belgium,5
HH3136809,Belgium,2
HH3136810,Belgium,2
HH3136811,Belgium,2
HH3136909,Belgium,3
HH3136910,Belgium,3
HH3136911,Belgium,3
HH3137009,Belgium,2
HH3137010,Belgium,2
HH3137109,Belgium,4
HH3137111,Belgium,4
HH3137309,Belgium,4
HH3137310,Belgium,4
HH3137609,Belgium,3
HH3137610,Belgium,3
HH3137611,Belgium,3
HH3139709,Belgium,2
HH3139710,Belgium,2
HH3139711,Belgium,2
HH3139909,Belgium,3
HH3139910,Belgium,3
HH3139911,Belgium,3
HH3140009,Belgium,5
HH3140011,Belgium,5
HH3141009,Belgium,3
HH3141010,Belgium,3
HH3141011,Belgium,3
HH3141509,Belgium,4
HH3141510,Belgium,4
HH3141709,Belgium,4
HH3141710,Belgium,4
HH3141711,Belgium,4
HH3142409,Belgium,5
HH3142411,Belgium,5
HH3142609,Belgium,4
HH3142610,Belgium,4
HH3142709,Belgium,4
HH3142710,Belgium,4
HH3142711,Belgium,4
HH3142809,Belgium,4
HH3143309,Belgium,5
HH3143311,Belgium,5
HH3143409,Belgium,3
HH3143411,Belgium,3
HH3143709,Belgium,3
HH3143711,Belgium,3
HH3143809,Belgium,4
HH3143810,Belgium,4
HH3143811,Belgium,4
HH3143909,Belgium,4
HH3144109,Belgium,6
HH3144110,Belgium,6
HH3144111,Belgium,6
HH3146309,Belgium,3
HH3146311,Belgium,3
HH3146809,Belgium,6
HH3146909,Belgium,3
HH3146910,Belgium,3
HH3146911,Belgium,3
HH3147109,Belgium,3
HH3147309,Belgium,3
HH3147310,Belgium,3
HH3147409,Belgium,3
HH3147509,Belgium,5
HH3147510,Belgium,5
HH3147511,Belgium,5
HH3147609,Belgium,2
HH3150110,Belgium,3
HH3150210,Belgium,3
HH3150310,Belgium,4
HH3156710,Belgium,2
HH3156910,Belgium,3
HH3157010,Belgium,2
HH3157110,Belgium,5
HH3157510,Belgium,3
HH3157910,Belgium,5
HH3158510,Belgium,2
HH3158710,Belgium,3
HH3158810,Belgium,4
HH3159310,Belgium,3
HH3159410,Belgium,7
HH3159510,Belgium,5
HH3159610,Belgium,6
HH3159810,Belgium,4
HH3160010,Belgium,3
HH3160110,Belgium,5
HH3160410,Belgium,3
HH3160810,Belgium,3
HH3161310,Belgium,5
HH3161510,Belgium,5
HH3162210,Belgium,4
HH3163210,Belgium,4
HH3164110,Belgium,6
HH3164210,Belgium,4
HH3164310,Belgium,4
HH3164410,Belgium,3
HH3164510,Belgium,4
HH3164710,Belgium,5
HH3164810,Belgium,2
HH3164910,Belgium,2
HH3165110,Belgium,4
HH3165210,Belgium,3
HH3165310,Belgium,4
HH3165410,Belgium,4
HH3165510,Belgium,3
HH3165610,Belgium,4
HH3165710,Belgium,4
HH3165810,Belgium,3
HH3165910,Belgium,3
HH3166010,Belgium,4
HH3166110,Belgium,4
HH3166210,Belgium,5
HH3166310,Belgium,3
HH3166410,Belgium,4
HH3166510,Belgium,2
HH3166610,Belgium,3
HH3166710,Belgium,6
HH3166810,Belgium,4
HH3166910,Belgium,4
HH3167110,Belgium,3
HH3167210,Belgium,4
HH3167310,Belgium,4
HH3167410,Belgium,4
HH3167610,Belgium,2
HH3167810,Belgium,4
HH3167910,Belgium,2
HH3168010,Belgium,4
HH3168110,Belgium,2
HH3168210,Belgium,3
HH3168310,Belgium,5
HH3168410,Belgium,3
HH3168510,Belgium,2
HH3168610,Belgium,5
HH3168710,Belgium,4
HH3168910,Belgium,4
HH3169110,Belgium,3
HH3172210,Belgium,2
HH3175610,Belgium,3
HH3176610,Belgium,2
HH3176810,Belgium,5
HH3177110,Belgium,4
HH3177210,Belgium,4
HH3178310,Belgium,3
HH3180910,Belgium,5
HH3181010,Belgium,2
HH3181410,Belgium,4
HH3181610,Belgium,3
HH3182110,Belgium,5
HH3182510,Belgium,4
HH3183110,Belgium,5
HH3183610,Belgium,2
HH3184110,Belgium,3
HH3184510,Belgium,5
HH3185310,Belgium,4
HH3185510,Belgium,6
HH3185610,Belgium,3
HH3185710,Belgium,4
HH3185810,Belgium,3
HH3185910,Belgium,5
HH3186010,Belgium,5
HH3186110,Belgium,4
HH3186210,Belgium,3
HH3186310,Belgium,2
HH3186410,Belgium,4
HH3186510,Belgium,4
HH3186610,Belgium,3
HH3186710,Belgium,3
HH3186810,Belgium,4
HH3186910,Belgium,4
HH3187010,Belgium,3
HH3187110,Belgium,4
HH3187210,Belgium,3
HH3187310,Belgium,2
HH3187410,Belgium,5
HH3187510,Belgium,3
HH3187610,Belgium,4
HH3187710,Belgium,3
HH3187810,Belgium,3
HH3187910,Belgium,5
HH3188010,Belgium,3
HH3188110,Belgium,4
HH3188210,Belgium,4
HH3188311,Belgium,3
HH3188411,Belgium,3
HH3188511,Belgium,4
HH3188611,Belgium,2
HH3188711,Belgium,4
HH3188811,Belgium,5
HH3189011,Belgium,3
HH3189311,Belgium,5
HH3190511,Belgium,5
HH3190711,Belgium,3
HH3191711,Belgium,3
HH3191811,Belgium,4
HH3192111,Belgium,5
HH3192611,Belgium,3
HH3192811,Belgium,3
HH3194311,Belgium,3
HH3194811,Belgium,4
HH3195311,Belgium,4
HH3195411,Belgium,3
HH3195511,Belgium,3
HH3195611,Belgium,4
HH3196211,Belgium,4
HH3196511,Belgium,4
HH3196611,Belgium,4
HH3197311,Belgium,3
HH3197411,Belgium,3
HH3197511,Belgium,2
HH3197611,Belgium,4
HH3197711,Belgium,3
HH3197811,Belgium,3
HH3197911,Belgium,5
HH3198011,Belgium,4
HH3198111,Belgium,3
HH3198211,Belgium,4
HH3198311,Belgium,3
HH3198411,Belgium,4
HH3198511,Belgium,4
HH3198611,Belgium,4
